"name_id","AvgWMC","CCMax","CDE","CIE","NTM","SDMC","WMC","AvgSLOC","NA.","NAIMP","NCM","NIM","NLM","NM","NMIMP","NMNpub","Nmpub","NumPara","loc","stms","AID","CLD","DIT","DP","DPA","DPD","NMA","NMI","NMO","NOA","NOC","NOD","NOP","PII","SIX","SP","SPA","SPD","CBO","DAC","DACquote","ICP","IHICP","MPC","MPCNew","NIHICP","RFC","bug"
"java\main\org\apache\jute\BinaryInputArchive.java",1.222222222,2,4.221331637,4.307655647,14,0.41573971,22,3.444444444,3,3,1,17,18,18,18,1,17,19,79,60,0,0,0,0,0,0,18,0,0,0,0,0,0,0,0,0,0,0,3,2,2,4,0,2,4,4,19,0
"java\test\org\apache\jute\BinaryInputArchiveTest.java",2,2,1.584962501,3.968340331,0,0,2,13,0,0,0,1,1,1,1,0,1,1,16,9,0,0,0,0,0,0,1,0,0,0,0,0,0,0,0,0,0,0,1,0,0,4,0,2,11,4,5,0
"java\main\org\apache\jute\BinaryOutputArchive.java",1.388888889,5,4.530232494,5.124698117,14,0.950957932,25,4.666666667,2,2,1,17,18,18,18,1,17,33,88,67,0,1,0,0,0,0,18,0,0,0,1,1,0,0,0,1,0,1,1,2,2,0,0,0,0,0,18,0
"java\main\org\apache\jute\CsvInputArchive.java",2.105263158,7,4.108944463,4.620558078,9,1.552408548,40,7.315789474,1,1,1,18,19,19,19,2,17,23,154,102,0,0,0,0,0,0,19,0,0,0,0,0,0,0,0,0,0,0,4,1,1,4,0,2,66,4,21,0
"java\main\org\apache\jute\CsvOutputArchive.java",1.315789474,2,4.383347633,4.701939611,13,0.464829519,25,5,2,2,1,18,19,19,19,2,17,33,99,70,0,0,0,0,0,0,19,0,0,0,0,0,0,0,0,0,0,0,2,1,1,4,0,2,53,4,21,0
"java\main\org\apache\jute\RecordReader.java",2.333333333,5,4.420914522,4.40836744,2,1.885618083,7,8,3,3,1,2,3,3,3,1,2,8,47,25,0,0,0,0,0,0,3,0,0,0,0,0,0,0,0,0,0,0,5,2,2,0,0,0,0,0,3,0
"java\main\org\apache\jute\RecordWriter.java",2,5,3.807154076,4.810125198,4,1.414213562,14,8.571428571,2,2,5,2,7,7,7,4,3,14,64,35,0,0,0,0,0,0,7,0,0,0,0,0,0,0,0,0,0,0,5,1,1,6,0,3,7,6,10,0
"java\main\org\apache\jute\Utils.java",4.833333333,10,4.038310596,4.860676883,1,2.576604139,58,15.41666667,1,1,11,1,12,12,12,2,10,17,190,168,0,0,0,0,0,0,12,0,0,0,0,0,0,0,0,0,0,0,0,0,0,0,0,0,0,0,12,0
"java\main\org\apache\jute\XmlInputArchive.java",1.666666667,2,5.217401001,4.795443192,6,0.471404521,30,6,3,3,1,17,18,18,18,1,17,18,184,124,0,0,0,0,0,0,18,0,0,0,0,0,0,0,0,0,0,0,6,1,1,26,0,23,73,26,24,0
"java\main\org\apache\jute\XmlOutputArchive.java",1.464285714,5,4.469866887,4.844727999,21,1.051602276,41,6.535714286,3,3,1,27,28,28,28,11,17,40,188,150,0,0,0,0,0,0,28,0,0,0,0,0,0,0,0,0,0,0,2,2,2,4,0,2,41,4,30,0
"java\main\org\apache\jute\compiler\CGenerator.java",3,5,3.732158891,3.908835964,1,2,6,36,4,4,0,2,2,2,2,0,2,4,78,70,0,0,0,0,0,0,2,0,0,0,0,0,0,0,0,0,0,0,2,4,3,4,0,2,115,4,18,0
"java\main\org\apache\jute\compiler\CSharpGenerator.java",1.5,2,3.572469459,3.74095326,1,0.5,3,5.5,2,2,0,2,2,2,2,0,2,4,15,10,0,0,0,0,0,0,2,0,0,0,0,0,0,0,0,0,0,0,1,2,2,2,0,1,185,2,28,0
"java\main\org\apache\jute\compiler\CppGenerator.java",3,5,3.732158891,3.964679924,1,2,6,34.5,4,4,0,2,2,2,2,0,2,4,75,67,0,0,0,0,0,0,2,0,0,0,0,0,0,0,0,0,0,0,2,4,3,4,0,2,118,4,15,0
"java\main\org\apache\jute\compiler\JBoolean.java",1,1,2.712116827,2.743572923,6,0,6,3,8,0,0,6,6,36,6,0,6,4,20,13,1,0,1,5,5,0,1,30,5,1,0,0,1,0.397619048,0.138888889,0,0,0,0,0,0,17,17,5,17,0,36,0
"java\main\org\apache\jute\compiler\JBuffer.java",1.083333333,2,3.164304701,3.826073451,11,0.276385399,13,5.75,8,0,0,12,12,41,12,0,12,18,71,57,2,0,2,11,11,0,5,29,7,2,0,0,1,0.535714286,0.341463415,2,2,0,0,0,0,10,10,3,6,0,41,0
"java\main\org\apache\jute\compiler\JByte.java",1,1,1.921928095,1.584962501,2,0,2,3,8,0,0,2,2,36,2,0,2,0,8,5,1,0,1,1,1,0,1,34,1,1,0,0,1,0.092857143,0.027777778,0,0,0,0,0,0,9,9,1,9,0,36,0
"java\main\org\apache\jute\compiler\JCompType.java",1,1,3.21082488,3.855207934,8,0,8,3.875,8,0,0,8,8,36,8,0,8,17,33,24,1,1,1,13,7,6,1,28,7,1,5,5,1,0.483333333,0.194444444,0,0,0,0,0,0,21,21,8,23,0,36,0
"java\main\org\apache\jute\compiler\JDouble.java",1,1,2.419381946,2.355388542,3,0,3,3.333333333,8,0,0,3,3,36,3,0,3,1,12,8,1,0,1,2,2,0,1,33,2,1,0,0,1,0.269047619,0.055555556,0,0,0,0,0,0,9,9,1,9,0,36,0
"java\main\org\apache\jute\compiler\JField.java",1.037037037,2,3.818730578,4.395861644,26,0.188852575,28,3.037037037,2,2,0,27,27,27,27,0,27,9,86,58,0,0,0,0,0,0,27,0,0,0,0,0,0,0,0,0,0,0,1,2,2,54,0,22,57,54,51,0
"java\main\org\apache\jute\compiler\JFile.java",2.666666667,5,3.516027641,4.351746126,1,1.699673171,8,11.33333333,3,3,0,3,3,3,3,0,3,5,39,25,0,0,0,0,0,0,3,0,0,0,0,0,0,0,0,0,0,0,4,3,2,24,0,8,154,24,76,0
"java\main\org\apache\jute\compiler\JFloat.java",1,1,2.419381946,2.155639062,3,0,3,3,8,0,0,3,3,36,3,0,3,1,11,7,1,0,1,2,2,0,1,33,2,1,0,0,1,0.269047619,0.055555556,0,0,0,0,0,0,9,9,1,9,0,36,0
"java\main\org\apache\jute\compiler\JInt.java",1,1,1.921928095,1.584962501,2,0,2,3,8,0,0,2,2,36,2,0,2,0,8,5,1,0,1,1,1,0,1,34,1,1,0,0,1,0.092857143,0.027777778,0,0,0,0,0,0,9,9,1,9,0,36,0
"java\main\org\apache\jute\compiler\JLong.java",1,1,2.419381946,2.113283334,3,0,3,3,8,0,0,3,3,36,3,0,3,1,11,7,1,0,1,2,2,0,1,33,2,1,0,0,1,0.269047619,0.055555556,0,0,0,0,0,0,9,9,1,9,0,36,0
"java\main\org\apache\jute\compiler\JMap.java",1.133333333,2,3.788074955,4.037130325,13,0.339934634,17,6.733333333,11,3,4,11,15,45,15,4,11,22,106,94,2,0,2,7,7,0,9,30,6,2,0,0,1,0.422222222,0.266666667,4,4,0,0,2,1,50,50,22,64,0,48,0
"java\main\org\apache\jute\compiler\JRecord.java",3.692307692,18,4.475326417,5.312387849,12,4.912849954,96,25.38461538,13,5,3,23,26,54,26,3,23,34,667,636,2,0,2,8,8,0,18,28,8,2,0,0,1,0.576267057,0.296296296,0,0,0,4,5,3,97,18,75,150,79,90,0
"java\main\org\apache\jute\compiler\JString.java",1.25,2,2.744842532,2.763342488,3,0.433012702,5,4,8,0,0,4,4,37,4,0,4,5,18,12,2,0,2,3,3,0,1,33,3,2,0,0,1,0.361111111,0.162162162,0,0,0,0,0,0,8,8,1,2,0,37,0
"java\main\org\apache\jute\compiler\JType.java",1.085714286,2,3.652130569,4.436875049,31,0.368117106,38,3.8,8,8,1,34,35,35,35,0,35,51,143,107,0,2,0,54,0,54,35,0,0,0,7,12,0,0,0,4,0,4,0,8,1,0,0,0,0,0,35,0
"java\main\org\apache\jute\compiler\JVector.java",1.117647059,2,3.702221399,4.164035148,15,0.32218974,19,6.235294118,10,2,5,12,17,43,17,4,13,22,110,96,2,0,2,11,11,0,7,26,10,2,0,0,1,0.453703704,0.465116279,0,0,0,1,1,1,53,51,27,67,2,50,0
"java\main\org\apache\jute\compiler\JavaGenerator.java",1.5,2,3.521640636,4.131300343,1,0.5,3,6,2,2,0,2,2,2,2,0,2,4,16,11,0,0,0,0,0,0,2,0,0,0,0,0,0,0,0,0,0,0,1,2,2,2,0,1,184,2,28,0
"java\main\org\apache\jute\compiler\generated\ParseException.java",5,12,3.62346519,4.589398009,3,4.939635614,25,20.4,5,5,0,5,5,5,5,1,4,5,109,84,1,0,1,0,0,0,5,0,0,1,0,0,1,0.138888889,0,0,0,0,1,3,2,0,0,0,0,0,5,0
"java\main\org\apache\jute\compiler\generated\Rcc.java",4.310344828,26,5.536012095,6.566879404,6,5.272593082,125,15.34482759,16,16,4,25,29,29,29,4,25,23,466,405,0,0,0,0,0,0,29,0,0,0,0,0,0,0,0,0,0,0,18,9,6,78,0,29,590,78,173,0
"java\main\org\apache\jute\compiler\generated\RccTokenManager.java",7,29,5.947186201,5.86611589,10,8.072254352,217,24.12903226,23,23,0,31,31,31,31,23,8,56,798,498,0,0,0,0,0,0,31,0,0,0,0,0,0,0,0,0,0,0,3,5,4,44,0,30,238,44,47,0
"java\main\org\apache\jute\compiler\generated\SimpleCharStream.java",1.861111111,10,4.612296434,5.433523603,25,1.931504563,67,9.25,16,16,0,36,36,36,36,5,31,64,352,217,0,0,0,0,0,0,36,0,0,0,0,0,0,0,0,0,0,0,0,1,1,0,0,0,0,0,36,0
"java\main\org\apache\jute\compiler\generated\Token.java",1,1,3.499227547,2.5,2,0,2,5.5,8,8,1,1,2,2,2,0,2,1,18,11,0,0,0,0,0,0,2,0,0,0,0,0,0,0,0,0,0,0,0,3,2,0,0,0,0,0,2,0
"java\main\org\apache\jute\compiler\generated\TokenMgrError.java",3,12,4.012939322,4.450693701,4,4.041451884,18,10.5,5,5,2,4,6,6,6,2,4,16,71,46,1,0,1,0,0,0,6,0,0,1,0,0,1,0.142857143,0,0,0,0,0,0,0,0,0,0,0,0,6,0
"java\main\org\apache\zookeeper\ClientCnxn.java",1.545454545,4,7.740356407,6.503164184,15,0.890723543,34,8.363636364,28,28,3,19,22,22,22,3,19,40,1018,657,0,0,0,0,0,0,22,0,0,0,0,0,0,0,0,0,0,0,17,11,9,44,0,27,79,44,48,0
"java\main\org\apache\zookeeper\ClientCnxnSocket.java",0.625,4,5.554022483,6.001140649,22,0.904272267,15,3.125,11,11,0,24,24,24,24,1,23,9,88,68,0,2,0,8,0,8,24,0,0,0,1,2,0,0,0,5,0,5,5,4,3,11,0,4,31,11,37,0
"java\main\org\apache\zookeeper\ClientCnxnSocketNIO.java",3.4,16,5.011376501,6.203283597,7,3.929376541,68,13.95,14,3,0,20,20,36,20,2,18,22,298,182,1,1,1,10,8,2,12,16,8,1,1,1,1,0.264957265,0.222222222,5,5,0,6,3,3,25,8,20,334,17,98,0
"java\test\org\apache\zookeeper\ClientReconnectTest.java",1,1,4.073329702,4.944717153,1,0,1,17,2,2,0,1,1,1,1,0,1,0,36,25,1,0,1,0,0,0,1,0,0,1,0,0,1,0.083333333,0,0,0,0,6,2,2,12,0,4,18,12,32,0
"java\main\org\apache\zookeeper\CreateMode.java",1.571428571,5,3.97366069,3.723818383,6,1.399708424,11,3.857142857,8,8,1,6,7,7,7,0,7,5,37,24,0,0,0,0,0,0,7,0,0,0,0,0,0,0,0,0,0,0,2,5,2,0,0,0,0,0,7,0
"java\main\org\apache\zookeeper\Environment.java",1.666666667,2,3.519506239,3.856597805,1,0.471404521,5,15.33333333,1,1,3,0,3,3,3,1,2,6,63,41,0,0,0,0,0,0,3,0,0,0,0,0,0,0,0,0,0,0,2,1,1,5,0,3,7,5,10,0
"java\main\org\apache\zookeeper\JLineZNodeCompletor.java",3.75,7,3.569773835,4.578445252,1,2.165063509,15,12.25,1,1,0,4,4,4,4,2,2,12,53,34,0,0,0,0,0,0,4,0,0,0,0,0,0,0,0,0,0,0,3,1,1,4,0,2,4,4,53,0
"java\test\org\apache\zookeeper\JUnit4ZKTestRunner.java",1,1,5.105996704,3.378783493,2,0,2,3,1,1,0,2,2,2,2,1,1,3,45,30,1,0,1,0,0,0,2,0,0,1,0,0,1,0.111111111,0,0,0,0,1,1,1,3,0,1,4,3,3,0
"java\test\org\apache\zookeeper\JaasConfiguration.java",1.25,2,3.75859249,3.92080227,3,0.433012702,5,4.25,1,1,0,4,4,4,4,0,4,7,21,16,1,0,1,0,0,0,4,0,0,1,0,0,1,0.133333333,0,0,0,0,0,1,1,0,0,0,0,0,4,0
"java\main\org\apache\zookeeper\KeeperException.java",4.285714286,23,5.629393465,5.26096346,10,7.64786218,60,10.21428571,3,3,5,9,14,14,14,0,14,12,360,194,1,1,1,0,0,0,14,0,0,1,21,21,1,0.155555556,0,0,0,0,23,3,3,27,0,24,48,27,36,0
"java\main\org\apache\zookeeper\Login.java",2.214285714,7,5.147549837,6.206784953,6,1.611502025,31,18.21428571,16,16,0,14,14,14,14,9,5,7,273,182,0,0,0,0,0,0,14,0,0,0,0,0,0,0,0,0,0,0,1,9,7,0,0,0,0,0,14,0
"java\test\org\apache\zookeeper\MockPacket.java",1,1,3.056564762,3.721611724,3,0,3,4.666666667,12,0,0,3,3,7,3,0,3,11,16,8,1,0,1,0,0,0,3,4,0,1,0,0,1,0.125,0,0,0,0,2,0,0,15,15,3,32,0,11,0
"java\main\org\apache\zookeeper\MultiResponse.java",3.5,8,4.393942708,5.303443598,4,3,28,12.375,1,1,0,8,8,8,8,0,8,6,107,76,0,0,0,0,0,0,8,0,0,0,0,0,0,0,0,0,0,0,10,1,1,8,0,8,16,8,12,0
"java\test\org\apache\zookeeper\MultiResponseTest.java",1,1,3.022055209,4.922450414,3,0,3,10,0,0,0,3,3,3,3,1,2,1,33,28,1,0,1,0,0,0,3,0,0,1,0,0,1,0.125,0,0,0,0,9,0,0,24,0,13,113,24,16,0
"java\main\org\apache\zookeeper\MultiTransactionRecord.java",3,7,4.347691161,5.26261856,4,2.40370085,27,11.44444444,1,1,0,9,9,9,9,0,9,7,111,81,0,0,0,0,0,0,9,0,0,0,0,0,0,0,0,0,0,0,5,1,1,16,0,9,14,16,18,0
"java\test\org\apache\zookeeper\MultiTransactionRecordTest.java",1,1,3.026986833,4.668817611,3,0,3,9.333333333,0,0,0,3,3,3,3,1,2,1,32,26,1,0,1,0,0,0,3,0,0,1,0,0,1,0.125,0,0,0,0,8,0,0,37,0,19,119,37,22,0
"java\main\org\apache\zookeeper\Op.java",0.818181818,1,5.089919288,4.26233273,11,0.385694608,9,2.727272727,2,2,5,6,11,11,11,1,10,18,171,122,0,1,0,9,0,9,11,0,0,0,4,4,0,0,0,0,0,0,8,1,1,22,0,6,86,22,18,0
"java\main\org\apache\zookeeper\OpResult.java",1,1,4.530746814,1.251629167,2,0,2,3,1,1,0,2,2,2,2,1,1,1,104,78,0,1,0,0,0,0,2,0,0,0,5,5,0,0,0,0,0,0,0,0,0,0,0,0,0,0,2,0
"java\test\org\apache\zookeeper\PortAssignment.java",1,1,2.75,1.921928095,1,0,1,4,2,2,1,0,1,1,1,0,1,0,8,6,0,0,0,0,0,0,1,0,0,0,0,0,0,0,0,0,0,0,0,1,1,0,0,0,0,0,1,0
"java\main\org\apache\zookeeper\Quotas.java",1,1,2.558051077,2.521640636,2,0,2,4,4,4,2,0,2,2,2,0,2,2,14,9,0,0,0,0,0,0,2,0,0,0,0,0,0,0,0,0,0,0,0,4,1,0,0,0,0,0,2,0
"java\main\org\apache\zookeeper\SaslClientCallbackHandler.java",5,9,3.58418372,4.701916576,1,4,10,30,3,3,0,2,2,2,2,0,2,3,64,31,0,0,0,0,0,0,2,0,0,0,0,0,0,0,0,0,0,0,0,3,2,0,0,0,0,0,2,0
"java\main\org\apache\zookeeper\ServerAdminClient.java",4.4,9,3.8152024,5.53940852,1,2.289104628,44,24.1,1,1,10,0,10,10,10,3,7,28,244,187,0,0,0,0,0,0,10,0,0,0,0,0,0,0,0,0,0,0,1,1,1,0,0,0,0,0,10,0
"java\test\org\apache\zookeeper\ServerConfigTest.java",1,1,3.86346519,4.03516122,6,0,6,4.833333333,1,1,0,6,6,6,6,0,6,4,35,25,0,0,0,0,0,0,6,0,0,0,0,0,0,0,0,0,0,0,1,1,1,10,0,7,50,10,11,0
"java\main\org\apache\zookeeper\Shell.java",1.736842105,13,5.586113104,5.993497837,14,2.711420394,33,7.684210526,16,16,7,12,19,19,19,7,12,17,248,169,0,1,0,2,0,2,19,0,0,0,1,1,0,0,0,0,0,0,3,11,6,12,0,5,18,12,24,0
"java\main\org\apache\zookeeper\StatsTrack.java",1.285714286,3,3.48418372,3.748613555,6,0.699854212,9,4.142857143,4,4,0,7,7,7,7,0,7,3,36,25,0,0,0,0,0,0,7,0,0,0,0,0,0,0,0,0,0,0,0,2,1,0,0,0,0,0,7,0
"java\test\org\apache\zookeeper\TestableZooKeeper.java",1.090909091,2,4.514718017,5.341432382,10,0.287479787,12,5.636363636,4,0,0,11,11,56,11,0,11,10,67,37,1,0,1,6,6,0,5,45,6,1,0,0,1,0.178104575,0.107142857,0,0,0,5,0,0,18,11,10,40,7,157,0
"java\main\org\apache\zookeeper\Transaction.java",1,1,4.358085318,4.549399126,7,0,7,3.714285714,2,2,0,7,7,7,7,1,6,14,30,21,0,0,0,0,0,0,7,0,0,0,0,0,0,0,0,0,0,0,5,2,2,22,0,7,23,22,78,0
"java\test\org\apache\zookeeper\VerGenTest.java",1,1,3.58418372,4.286044925,4,0,4,7,5,2,1,3,4,6,4,0,4,2,35,19,1,0,1,0,0,0,4,2,0,1,0,0,1,0.133333333,0,0,0,0,3,1,1,14,0,5,105,14,11,0
"java\main\org\apache\zookeeper\Version.java",1.625,5,3.754441846,4.275213142,6,1.316956719,13,5.25,0,0,8,0,8,8,8,0,8,1,45,28,0,0,0,0,0,0,8,0,0,0,0,0,0,0,0,0,0,0,0,0,0,0,0,0,0,0,8,0
"java\main\org\apache\zookeeper\WatchedEvent.java",1,1,3.726474118,3.751366452,7,0,7,4,3,3,0,7,7,7,7,0,7,4,34,22,0,0,0,0,0,0,7,0,0,0,0,0,0,0,0,0,0,0,2,3,3,6,0,4,42,6,11,0
"java\test\org\apache\zookeeper\ZKTestCase.java",1.5,2,4.324796794,3.625,1,0.5,3,5.5,3,3,0,2,2,2,2,2,0,1,36,21,0,3,0,0,0,0,2,0,0,0,60,114,0,0,0,0,0,0,0,3,3,0,0,0,0,0,2,0
"java\main\org\apache\zookeeper\ZKUtil.java",2.666666667,4,3.59326969,4.598611593,0,0.942809042,8,14.33333333,1,1,3,0,3,3,3,0,3,8,45,36,0,0,0,0,0,0,3,0,0,0,0,0,0,0,0,0,0,0,4,1,1,15,0,5,168,15,53,0
"java\main\org\apache\zookeeper\ZooDefs.java",0,0,5.013538862,0,0,0,0,0,1,1,0,0,0,0,0,0,0,0,46,36,0,0,0,0,0,0,0,0,0,0,0,0,0,0,0,0,0,0,0,1,1,0,0,0,0,0,0,0
"java\main\org\apache\zookeeper\ZooKeeper.java",2.089285714,6,6.183384286,6.601173929,22,1.228773862,117,11.96428571,4,4,1,55,56,56,56,10,46,131,835,558,0,1,0,6,0,6,56,0,0,0,3,3,0,0,0,9,0,9,38,4,4,368,0,125,1832,368,143,0
"java\main\org\apache\zookeeper\ZooKeeperMain.java",6.090909091,53,5.888568065,6.707945299,9,10.82887172,134,24.72727273,9,9,12,10,22,22,22,11,11,48,667,492,0,0,0,0,0,0,22,0,0,0,0,0,0,0,0,0,0,0,23,6,6,207,0,84,639,207,127,0
"java\test\org\apache\zookeeper\ZooKeeperTest.java",1.583333333,2,3.328895487,5.527764343,5,0.493006649,19,15.66666667,15,0,0,12,12,47,12,0,12,3,202,145,2,0,2,0,0,0,12,35,0,2,0,0,1,0.205128205,0,0,0,0,10,0,0,187,12,77,891,175,227,0
"java\main\org\apache\zookeeper\client\ConnectStringParser.java",2.666666667,6,3.130717988,4.263508939,2,2.357022604,8,11,3,3,0,3,3,3,3,0,3,1,37,28,0,0,0,0,0,0,3,0,0,0,0,0,0,0,0,0,0,0,1,2,2,2,0,1,66,2,4,0
"java\main\org\apache\zookeeper\client\FourLetterWordMain.java",2.666666667,5,3.377796812,5.149860139,1,1.699673171,8,15.66666667,2,2,3,0,3,3,3,0,3,9,51,31,0,0,0,0,0,0,3,0,0,0,0,0,0,0,0,0,0,0,0,1,1,0,0,0,0,0,3,0
"java\main\org\apache\zookeeper\client\StaticHostProvider.java",3.25,6,3.882045108,4.767842486,2,2.277608395,13,11.75,4,4,0,4,4,4,4,0,4,3,55,33,0,0,0,0,0,0,4,0,0,0,0,0,0,0,0,0,0,0,0,2,2,0,0,0,0,0,4,0
"java\main\org\apache\zookeeper\client\ZooKeeperSaslClient.java",3.6875,9,5.587741293,6.172301966,6,2.754967105,59,16.1875,12,12,1,15,16,16,16,5,11,19,294,177,0,0,0,0,0,0,16,0,0,0,0,0,0,0,0,0,0,0,10,8,5,30,0,10,220,30,36,0
"java\main\org\apache\zookeeper\common\AtomicFileOutputStream.java",3.333333333,6,3.939470994,4.533742438,1,2.054804668,10,15,4,4,0,3,3,3,3,0,3,2,53,32,1,1,1,0,0,0,3,0,0,1,1,1,1,0.125,0,0,0,0,1,4,3,2,0,1,2,2,5,0
"java\main\org\apache\zookeeper\common\IOUtils.java",3.25,5,3.721928095,4.397851317,1,1.479019946,13,11.5,0,0,4,0,4,4,4,0,4,11,48,31,0,0,0,0,0,0,4,0,0,0,0,0,0,0,0,0,0,0,0,0,0,0,0,0,0,0,4,0
"java\main\org\apache\zookeeper\common\PathTrie.java",4.2,8,4.676184747,4.509809097,1,2.481934729,21,16.8,2,2,0,5,5,5,5,0,5,3,157,116,0,0,0,0,0,0,5,0,0,0,0,0,0,0,0,0,0,0,1,2,2,28,0,15,87,28,14,0
"java\main\org\apache\zookeeper\common\PathUtils.java",8.5,15,2.503258335,3.343376683,0,6.5,17,30.5,0,0,2,0,2,2,2,0,2,3,63,41,0,0,0,0,0,0,2,0,0,0,0,0,0,0,0,0,0,0,0,0,0,0,0,0,0,0,2,0
"contrib\loggraph\src\java\org\apache\zookeeper\graph\FilterException.java",1,1,1.918295834,1.5,1,0,1,1,0,0,0,1,1,1,1,0,1,1,3,3,1,0,1,0,0,0,1,0,0,1,0,0,1,0.083333333,0,0,0,0,0,0,0,0,0,0,0,0,1,0
"contrib\loggraph\src\java\org\apache\zookeeper\graph\FilterOp.java",2.333333333,8,4.186569246,4.269243409,4,2.687419249,14,6.333333333,2,2,1,5,6,6,6,0,6,4,45,37,0,1,0,7,0,7,6,0,0,0,7,7,0,0,0,0,0,0,10,2,1,3,0,2,4,3,8,0
"contrib\loggraph\src\java\org\apache\zookeeper\graph\FilterParser.java",3.428571429,9,3.777747163,4.962406891,2,2.610809555,24,12.71428571,1,1,1,6,7,7,7,4,3,3,92,67,0,0,0,0,0,0,7,0,0,0,0,0,0,0,0,0,0,0,5,1,1,28,0,14,54,28,15,0
"contrib\loggraph\src\java\org\apache\zookeeper\graph\JsonGenerator.java",4.75,16,4.041092818,5.547075873,3,6.495190528,19,34.5,2,2,1,3,4,4,4,0,4,3,157,134,0,0,0,0,0,0,4,0,0,0,0,0,0,0,0,0,0,0,6,2,2,33,0,32,67,33,41,0
"contrib\loggraph\src\java\org\apache\zookeeper\graph\Log4JEntry.java",1,1,3.4548224,3.878783493,5,0,5,3,1,0,0,5,5,9,5,0,5,3,17,13,1,0,1,1,1,0,4,4,1,1,0,0,1,0.2,0.111111111,0,0,0,1,0,0,13,13,6,13,0,9,0
"contrib\loggraph\src\java\org\apache\zookeeper\graph\Log4JSource.java",1.785714286,8,5.821803857,5.890123072,9,1.779990828,25,9,10,10,2,12,14,14,14,2,12,14,280,211,0,0,0,0,0,0,14,0,0,0,0,0,0,0,0,0,0,0,6,5,4,20,0,9,131,20,36,0
"contrib\loggraph\src\java\org\apache\zookeeper\graph\LogEntry.java",0.8,1,4.088779347,3.851823226,5,0.4,4,2.8,1,1,0,5,5,5,5,0,5,4,18,13,0,1,0,2,0,2,5,0,0,0,2,2,0,0,0,0,0,0,1,1,1,0,0,0,0,0,5,0
"contrib\loggraph\src\java\org\apache\zookeeper\graph\LogServer.java",1.5,2,2.947702779,4.367279032,1,0.5,3,11,0,0,1,1,2,2,2,0,2,3,24,19,1,0,1,0,0,0,2,0,0,1,0,0,1,0.111111111,0,0,0,0,7,0,0,10,0,5,14,10,29,0
"contrib\loggraph\src\java\org\apache\zookeeper\graph\LogSkipList.java",3,5,3.657477396,3.827668988,0,1.414213562,9,9.333333333,2,2,0,3,3,3,3,0,3,4,48,39,0,0,0,0,0,0,3,0,0,0,0,0,0,0,0,0,0,0,1,2,2,6,0,3,8,6,6,0
"contrib\loggraph\src\java\org\apache\zookeeper\graph\MeasureThroughput.java",6,6,2.921928095,5.32597179,0,0,6,55,3,3,1,0,1,1,1,0,1,1,60,53,0,0,0,0,0,0,1,0,0,0,0,0,0,0,0,0,0,0,4,0,0,5,0,4,12,5,31,0
"contrib\loggraph\src\java\org\apache\zookeeper\graph\MergedLogSource.java",1.636363636,4,5.082722001,4.734677685,6,0.881396338,18,5.454545455,5,5,1,10,11,11,11,0,11,11,135,114,0,0,0,0,0,0,11,0,0,0,0,0,0,0,0,0,0,0,6,2,2,12,0,4,81,12,33,0
"contrib\loggraph\src\java\org\apache\zookeeper\graph\RandomAccessFileReader.java",2.166666667,10,4.892217708,5.497385443,16,2.211083194,52,9.125,9,9,1,23,24,24,24,1,23,15,230,185,1,0,1,0,0,0,24,0,0,1,0,0,1,0.16,0,0,0,0,0,2,2,0,0,0,0,0,24,0
"contrib\loggraph\src\java\org\apache\zookeeper\graph\TransactionEntry.java",1,1,3.929229297,4.227162705,9,0,9,3.333333333,1,0,0,9,9,13,9,0,9,11,32,24,1,0,1,1,1,0,8,4,1,1,0,0,1,0.214814815,0.076923077,0,0,0,1,0,0,28,28,12,25,0,13,0
"contrib\loggraph\src\java\org\apache\zookeeper\graph\TxnLogSource.java",2,9,6.128441561,5.730932395,8,2.198484326,24,8.5,7,7,2,10,12,12,12,0,12,12,269,200,0,0,0,0,0,0,12,0,0,0,0,0,0,0,0,0,0,0,11,3,3,39,0,17,204,39,57,0
"contrib\loggraph\src\java\org\apache\zookeeper\graph\filterops\AndOp.java",3,3,2.584962501,2.721928095,0,0,3,8,2,0,0,1,1,6,1,0,1,1,10,7,1,0,1,1,1,0,0,5,1,1,0,0,1,0.055555556,0.166666667,0,0,0,2,0,0,2,2,1,1,0,9,0
"contrib\loggraph\src\java\org\apache\zookeeper\graph\filterops\Arg.java",1,1,3.013070929,2.866247897,4,0,4,2,2,2,0,4,4,4,4,1,3,1,12,11,0,1,0,0,0,0,4,0,0,0,3,3,0,0,0,0,0,0,1,2,2,0,0,0,0,0,4,0
"contrib\loggraph\src\java\org\apache\zookeeper\graph\filterops\EqualsOp.java",4,4,2.584962501,4.014091089,0,0,4,16,2,0,0,1,1,6,1,0,1,1,18,13,1,0,1,1,1,0,0,5,1,1,0,0,1,0.055555556,0.166666667,0,0,0,4,0,0,5,0,4,8,5,11,0
"contrib\loggraph\src\java\org\apache\zookeeper\graph\filterops\GreaterThanOp.java",12,12,2.584962501,4.541037183,0,0,12,40,2,0,0,1,1,6,1,0,1,1,42,30,1,0,1,1,1,0,0,5,1,1,0,0,1,0.055555556,0.166666667,0,0,0,4,0,0,11,0,8,16,11,11,0
"contrib\loggraph\src\java\org\apache\zookeeper\graph\filterops\LessThanOp.java",12,12,2.584962501,4.541037183,0,0,12,40,2,0,0,1,1,6,1,0,1,1,42,30,1,0,1,1,1,0,0,5,1,1,0,0,1,0.055555556,0.166666667,0,0,0,4,0,0,11,0,8,16,11,11,0
"contrib\loggraph\src\java\org\apache\zookeeper\graph\filterops\NotOp.java",2,2,2.584962501,2.732158891,0,0,2,6,2,0,0,1,1,6,1,0,1,1,8,5,1,0,1,1,1,0,0,5,1,1,0,0,1,0.055555556,0.166666667,0,0,0,2,0,0,2,0,1,2,2,8,0
"contrib\loggraph\src\java\org\apache\zookeeper\graph\filterops\NumberArg.java",1,1,1.918295834,2.128085279,1,0,1,4,2,0,0,1,1,5,1,0,1,1,6,4,1,0,1,0,0,0,1,4,0,1,0,0,1,0.083333333,0,0,0,0,1,0,0,2,2,1,2,0,5,0
"contrib\loggraph\src\java\org\apache\zookeeper\graph\filterops\OrOp.java",3,3,2.584962501,2.721928095,0,0,3,8,2,0,0,1,1,6,1,0,1,1,10,7,1,0,1,1,1,0,0,5,1,1,0,0,1,0.055555556,0.166666667,0,0,0,2,0,0,2,2,1,1,0,9,0
"contrib\loggraph\src\java\org\apache\zookeeper\graph\filterops\StringArg.java",1,1,1.918295834,2.128085279,1,0,1,4,2,0,0,1,1,5,1,0,1,1,6,4,1,0,1,0,0,0,1,4,0,1,0,0,1,0.083333333,0,0,0,0,1,0,0,2,2,1,2,0,5,0
"contrib\loggraph\src\java\org\apache\zookeeper\graph\filterops\SymbolArg.java",1,1,1.918295834,2.128085279,1,0,1,4,2,0,0,1,1,5,1,0,1,1,6,4,1,0,1,0,0,0,1,4,0,1,0,0,1,0.083333333,0,0,0,0,1,0,0,2,2,1,2,0,5,0
"contrib\loggraph\src\java\org\apache\zookeeper\graph\filterops\XorOp.java",5,5,2.584962501,2.807354922,0,0,5,15,2,0,0,1,1,6,1,0,1,1,17,12,1,0,1,1,1,0,0,5,1,1,0,0,1,0.055555556,0.166666667,0,0,0,2,0,0,2,2,1,1,0,9,0
"contrib\loggraph\src\java\org\apache\zookeeper\graph\servlets\FileLoader.java",1.5,2,3.238901257,4.11786103,1,0.5,3,8.5,1,1,0,2,2,4,2,0,2,3,21,14,2,0,2,0,0,0,2,2,0,2,0,0,1,0.148148148,0,1,1,0,2,1,1,5,0,2,18,5,28,0
"contrib\loggraph\src\java\org\apache\zookeeper\graph\servlets\Fs.java",4,4,2.807354922,4.680710297,0,0,4,30,0,0,0,1,1,2,1,0,1,1,33,23,2,0,2,1,1,0,0,1,1,2,0,0,1,0.166666667,1,0,0,0,1,0,0,3,0,1,7,3,5,0
"contrib\loggraph\src\java\org\apache\zookeeper\graph\servlets\GraphData.java",4,7,3.787143961,4.409127631,1,3,8,15,3,3,0,2,2,3,2,0,2,2,36,27,2,0,2,1,1,0,1,1,1,2,0,0,1,0.277777778,0.666666667,0,0,0,6,1,1,21,0,8,205,21,34,0
"contrib\loggraph\src\java\org\apache\zookeeper\graph\servlets\JsonServlet.java",1.5,3,4.372905595,4.693890415,1,1.5,3,9,0,0,0,2,2,2,2,1,1,5,45,30,1,1,1,4,0,4,2,0,0,1,5,5,1,0.111111111,0,1,0,1,1,0,0,2,0,1,2,2,3,0
"contrib\loggraph\src\java\org\apache\zookeeper\graph\servlets\NumEvents.java",3,5,3.787143961,4.466874676,1,2,6,16,3,3,0,2,2,3,2,0,2,2,38,31,2,0,2,1,1,0,1,1,1,2,0,0,1,0.277777778,0.666666667,0,0,0,3,1,1,12,0,3,30,12,6,0
"contrib\loggraph\src\java\org\apache\zookeeper\graph\servlets\StaticContent.java",3,3,3.169925001,4.404604483,0,0,3,18,0,0,0,1,1,1,1,1,0,2,20,13,1,0,1,0,0,0,1,0,0,1,0,0,1,0.083333333,0,0,0,0,0,0,0,0,0,0,0,0,1,0
"contrib\loggraph\src\java\org\apache\zookeeper\graph\servlets\Throughput.java",5.5,10,3.614369446,5.450384127,1,4.5,11,31.5,4,4,0,2,2,3,2,0,2,2,70,58,2,0,2,1,1,0,1,1,1,2,0,0,1,0.277777778,0.666666667,0,0,0,6,0,0,18,0,7,42,18,11,0
"contrib\zooinspector\src\java\org\apache\zookeeper\inspector\ZooInspector.java",2,2,2,4.655187699,0,0,2,25,0,0,1,0,1,1,1,0,1,2,27,16,0,0,0,0,0,0,1,0,0,0,0,0,0,0,0,0,0,0,3,0,0,5,0,3,109,5,23,0
"contrib\zooinspector\src\java\org\apache\zookeeper\inspector\encryption\BasicDataEncryptionManager.java",1.5,2,2.921928095,2.661226256,1,0.5,3,4.5,0,0,0,2,2,2,2,0,2,2,11,7,0,0,0,0,0,0,2,0,0,0,0,0,0,0,0,0,0,0,0,0,0,0,0,0,0,0,2,0
"contrib\zooinspector\src\java\org\apache\zookeeper\inspector\gui\ZooInspectorAboutDialog.java",2,2,1.921928095,5.196598658,0,0,2,37,0,0,0,1,1,1,1,0,1,2,39,30,1,0,1,0,0,0,1,0,0,1,0,0,1,0.083333333,0,0,0,0,2,0,0,2,0,2,4,2,3,0
"contrib\zooinspector\src\java\org\apache\zookeeper\inspector\gui\ZooInspectorConnectionPropertiesDialog.java",4.666666667,6,3.251629167,6.346739102,0,0.942809042,14,82.33333333,1,1,0,3,3,3,3,2,1,4,250,199,1,0,1,0,0,0,3,0,0,1,0,0,1,0.125,0,0,0,0,2,1,1,2,0,2,4,2,5,0
"contrib\zooinspector\src\java\org\apache\zookeeper\inspector\gui\ZooInspectorIconResources.java",1,1,2.973194305,2.15177574,13,0,13,3,0,0,13,0,13,13,13,0,13,0,41,27,0,0,0,0,0,0,13,0,0,0,0,0,0,0,0,0,0,0,0,0,0,0,0,0,0,0,13,0
"contrib\zooinspector\src\java\org\apache\zookeeper\inspector\gui\ZooInspectorNodeViewersDialog.java",3,4,4.042412566,6.989982045,0,1,6,247,9,9,0,2,2,2,2,0,2,5,506,340,1,0,1,0,0,0,2,0,0,1,0,0,1,0.111111111,0,0,0,0,3,9,3,5,0,5,10,5,7,0
"contrib\zooinspector\src\java\org\apache\zookeeper\inspector\gui\ZooInspectorNodeViewersPanel.java",2.8,8,4.400432303,5.567006422,2,2.638181192,14,12.8,5,5,0,5,5,5,5,1,4,5,72,58,1,0,1,0,0,0,5,0,0,1,0,0,1,0.138888889,0,0,0,0,2,4,2,5,0,3,3,5,8,0
"contrib\zooinspector\src\java\org\apache\zookeeper\inspector\gui\ZooInspectorPanel.java",1.833333333,4,4.645162566,6.340941008,4,1.213351648,11,42.83333333,11,11,0,6,6,6,6,0,6,7,274,153,1,0,1,0,0,0,6,0,0,1,0,0,1,0.142857143,0,0,0,0,6,10,4,17,0,12,70,17,25,0
"contrib\zooinspector\src\java\org\apache\zookeeper\inspector\gui\ZooInspectorTreeViewer.java",2.6,5,5.372553062,6.17528848,2,1.496662955,13,22.2,3,3,0,5,5,5,5,0,5,5,217,157,1,0,1,0,0,0,5,0,0,1,0,0,1,0.138888889,0,0,0,0,3,2,2,2,0,2,6,2,10,0
"contrib\zooinspector\src\java\org\apache\zookeeper\inspector\gui\nodeviewer\NodeViewerACL.java",1.25,2,3.642149882,5.884210835,3,0.433012702,5,26.25,4,3,0,4,4,9,4,0,4,2,113,88,2,0,2,3,3,0,1,5,3,2,0,0,1,0.236111111,0.666666667,0,0,0,1,2,2,0,0,0,0,0,10,0
"contrib\zooinspector\src\java\org\apache\zookeeper\inspector\gui\nodeviewer\NodeViewerData.java",1.25,2,3.844232899,5.524341524,3,0.433012702,5,16,5,4,0,4,4,9,4,0,4,2,73,39,2,0,2,3,3,0,1,5,3,2,0,0,1,0.236111111,0.666666667,0,0,0,2,3,3,1,0,1,2,1,11,0
"contrib\zooinspector\src\java\org\apache\zookeeper\inspector\gui\nodeviewer\NodeViewerMetaData.java",1.25,2,3.642149882,5.780969438,3,0.433012702,5,25.5,4,3,0,4,4,9,4,0,4,2,110,84,2,0,2,3,3,0,1,5,3,2,0,0,1,0.236111111,0.666666667,0,0,0,1,2,2,0,0,0,0,0,10,0
"contrib\zooinspector\src\java\org\apache\zookeeper\inspector\gui\nodeviewer\ZooInspectorNodeViewer.java",1.75,8,4.112820979,4.400304056,5,2.487468593,14,5.5,1,1,0,8,8,8,8,0,8,5,51,34,1,1,1,9,0,9,8,0,0,1,3,3,1,0.148148148,0,0,0,0,1,1,1,0,0,0,0,0,8,0
"contrib\zooinspector\src\java\org\apache\zookeeper\inspector\logger\LoggerFactory.java",1,1,2.507380102,2.321928095,1,0,1,4,1,1,1,0,1,1,1,0,1,0,8,4,0,0,0,0,0,0,1,0,0,0,0,0,0,0,0,0,0,0,0,1,1,0,0,0,0,0,1,0
"contrib\zooinspector\src\java\org\apache\zookeeper\inspector\manager\Pair.java",2.222222222,10,3.680036533,3.682294011,7,2.819683898,20,5.333333333,2,2,0,9,9,9,9,0,9,5,55,42,0,0,0,0,0,0,9,0,0,0,0,0,0,0,0,0,0,0,0,2,2,0,0,0,0,0,9,0
"contrib\zooinspector\src\java\org\apache\zookeeper\inspector\manager\ZooInspectorManagerImpl.java",4.148148148,16,5.471065198,6.628142818,6,2.952760212,112,19.07407407,35,35,0,27,27,27,27,1,26,40,592,367,0,0,0,0,0,0,27,0,0,0,0,0,0,0,0,0,0,0,12,32,5,89,0,40,185,89,122,0
"java\main\org\apache\zookeeper\jmx\CommonNames.java",0,0,2.128085279,0,0,0,0,0,3,3,0,0,0,0,0,0,0,0,5,4,0,0,0,0,0,0,0,0,0,0,0,0,0,0,0,0,0,0,0,3,1,0,0,0,0,0,0,0
"java\main\org\apache\zookeeper\jmx\MBeanRegistry.java",2.75,6,4.41638551,5.427605213,3,1.421560176,33,9.75,5,5,2,10,12,12,12,4,8,21,126,91,0,0,0,0,0,0,12,0,0,0,0,0,0,0,0,0,0,0,2,5,4,0,0,0,0,0,12,0
"java\main\org\apache\zookeeper\jmx\ManagedUtil.java",3,3,1.584962501,4.671402149,0,0,3,18,0,0,1,0,1,1,1,0,1,0,20,16,0,0,0,0,0,0,1,0,0,0,0,0,0,0,0,0,0,0,1,0,0,2,0,2,4,2,3,0
"recipes\election\src\java\org\apache\zookeeper\recipes\leader\LeaderElectionSupport.java",1.904761905,5,5.856508186,6.108861956,13,1.376841171,40,8.857142857,7,7,0,21,21,21,21,7,14,16,204,129,0,0,0,0,0,0,21,0,0,0,0,0,0,0,0,0,0,0,13,7,6,47,0,26,115,47,89,0
"recipes\election\test\org\apache\zookeeper\recipes\leader\LeaderElectionSupportTest.java",1.916666667,3,4.712797897,5.372183594,6,0.953793595,23,11.83333333,18,3,0,12,12,45,12,3,9,5,158,101,2,0,2,2,2,0,10,33,2,2,0,0,1,0.221067821,0.088888889,0,0,0,6,3,3,31,3,14,166,28,203,0
"recipes\election\src\java\org\apache\zookeeper\recipes\leader\LeaderOffer.java",1,1,3.915043106,3.137744477,9,0,9,3.222222222,3,3,0,9,9,9,9,0,9,6,41,26,0,0,0,0,0,0,9,0,0,0,0,0,0,0,0,0,0,0,0,3,2,0,0,0,0,0,9,0
"recipes\lock\src\java\org\apache\zookeeper\recipes\lock\ProtocolSupport.java",1.692307692,5,4.96836744,5.110940874,9,1.201576873,22,6.076923077,6,6,0,13,13,13,13,6,7,15,87,57,0,1,0,0,0,0,13,0,0,0,1,1,0,0,0,0,0,0,8,4,4,0,0,0,0,0,13,0
"recipes\lock\src\java\org\apache\zookeeper\recipes\lock\WriteLock.java",1.777777778,6,5.77388637,5.078970728,6,1.547598697,16,7,15,9,0,9,9,22,9,0,9,11,155,101,1,0,1,0,0,0,9,13,0,1,0,0,1,0.15,0,0,0,0,7,7,4,13,12,7,36,1,24,0
"recipes\lock\test\org\apache\zookeeper\recipes\lock\WriteLockTest.java",4,8,4.663909766,4.688096488,1,2.738612788,16,19.5,22,7,0,4,4,38,4,2,2,2,96,84,2,0,2,1,1,0,3,34,1,2,0,0,1,0.176190476,0.052631579,0,0,0,4,3,3,30,4,22,118,26,181,0
"recipes\lock\src\java\org\apache\zookeeper\recipes\lock\ZNodeName.java",2.375,5,4.01790009,4.484463289,5,1.798436821,19,6.5,4,4,0,8,8,8,8,0,8,5,61,45,0,0,0,0,0,0,8,0,0,0,0,0,0,0,0,0,0,0,0,3,2,0,0,0,0,0,8,0
"recipes\lock\test\org\apache\zookeeper\recipes\lock\ZNodeNameTest.java",1.666666667,3,3.238901257,3.866800735,2,0.942809042,5,7.666666667,0,0,0,3,3,3,3,1,2,2,27,21,1,0,1,0,0,0,3,0,0,1,0,0,1,0.125,0,0,0,0,1,0,0,5,0,2,20,5,5,0
"recipes\queue\src\java\org\apache\zookeeper\recipes\queue\DistributedQueue.java",4.444444444,7,5.063065299,5.232729639,0,2.06080411,40,16.66666667,5,5,0,9,9,9,9,2,7,18,171,120,0,0,0,0,0,0,9,0,0,0,0,0,0,0,0,0,0,0,8,5,4,41,0,12,148,41,68,0
"recipes\queue\test\org\apache\zookeeper\recipes\queue\DistributedQueueTest.java",1.933333333,4,3.659563682,4.914784428,7,1.06249183,29,13.13333333,15,0,0,15,15,49,15,0,15,7,212,174,2,0,2,1,1,0,14,34,1,2,0,0,1,0.216931217,0.040816327,0,0,0,2,0,0,78,10,30,299,68,191,0
"contrib\zooinspector\src\java\org\apache\zookeeper\retry\ZooKeeperRetry.java",3.1875,5,4.439352682,4.937509427,4,1.467086824,51,12.375,7,3,0,16,16,67,16,0,16,51,215,114,1,0,1,0,0,0,16,51,0,1,0,0,1,0.156862745,0,9,9,0,7,0,0,66,54,27,302,12,160,0
"java\main\org\apache\zookeeper\server\ByteBufferInputStream.java",1.571428571,3,3.703626767,3.998100879,4,0.728431359,11,5.571428571,1,1,1,6,7,7,7,0,7,8,47,29,1,0,1,0,0,0,7,0,0,1,0,0,1,0.145833333,0,0,0,0,2,1,1,2,0,1,2,2,9,0
"java\main\org\apache\zookeeper\server\ByteBufferOutputStream.java",1,1,3.52623491,3.710580161,5,0,5,3.6,1,1,1,4,5,5,5,0,5,8,24,14,1,0,1,0,0,0,5,0,0,1,0,0,1,0.138888889,0,0,0,0,2,1,1,2,0,1,2,2,7,0
"java\test\org\apache\zookeeper\server\CRCTest.java",3,7,4.706890596,6.343825607,1,2.34520788,12,24,6,3,0,4,4,6,4,2,2,7,103,79,1,0,1,0,0,0,4,2,0,1,0,0,1,0.133333333,0,0,0,0,16,3,3,55,0,24,150,55,172,0
"java\main\org\apache\zookeeper\server\ConnectionBean.java",1.217391304,3,4.857566344,5.456769708,19,0.507039295,28,4.391304348,6,6,0,23,23,23,23,0,23,3,110,72,0,0,0,0,0,0,23,0,0,0,0,0,0,0,0,0,0,0,5,4,4,15,0,11,33,15,47,0
"java\main\org\apache\zookeeper\server\DataNode.java",1.555555556,3,4.539583411,5.153137215,5,0.684934889,14,7,6,6,0,9,9,9,9,0,9,12,71,55,0,0,0,0,0,0,9,0,0,0,0,0,0,0,0,0,0,0,2,5,4,0,0,0,0,0,9,0
"java\test\org\apache\zookeeper\server\DataNodeTest.java",2,2,1.921928095,3.801804027,0,0,4,13.5,0,0,0,2,2,2,2,0,2,2,31,22,0,0,0,0,0,0,2,0,0,0,0,0,0,0,0,0,0,0,1,0,0,10,0,8,32,10,6,0
"java\main\org\apache\zookeeper\server\DataTree.java",3.558139535,30,6.272355785,7.292613922,16,4.814234347,153,18,18,18,2,41,43,43,43,4,39,74,828,587,0,0,0,0,0,0,43,0,0,0,0,0,0,0,0,0,0,0,24,15,8,195,0,98,752,195,99,0
"java\main\org\apache\zookeeper\server\DataTreeBean.java",1,1,4.011365042,3.840223929,8,0,8,3,1,1,0,8,8,8,8,0,8,1,27,18,0,0,0,0,0,0,8,0,0,0,0,0,0,0,0,0,0,0,1,1,1,4,0,4,22,4,14,0
"java\test\org\apache\zookeeper\server\DataTreeTest.java",1.222222222,2,4.22872777,6.472782082,7,0.41573971,11,14.33333333,5,2,0,9,9,11,9,2,7,7,140,100,1,0,1,0,0,0,9,2,0,1,0,0,1,0.15,0,0,0,0,9,2,2,110,0,29,661,110,76,0
"java\test\org\apache\zookeeper\server\DataTreeUnitTest.java",1,1,3.334679141,4.263558599,3,0,3,6.333333333,4,1,0,3,3,5,3,0,3,0,25,16,1,0,1,0,0,0,3,2,0,1,0,0,1,0.125,0,0,0,0,3,1,1,15,0,4,83,15,44,0
"java\main\org\apache\zookeeper\server\DatadirCleanupManager.java",1.375,3,4.944064567,4.49838078,6,0.695970545,11,5.875,7,7,0,8,8,8,8,0,8,4,79,57,0,0,0,0,0,0,8,0,0,0,0,0,0,0,0,0,0,0,2,5,4,4,0,1,4,4,9,0
"java\test\org\apache\zookeeper\server\DatadirCleanupManagerTest.java",1.2,2,3.624680347,4.023172982,4,0.4,6,8.4,3,3,0,5,5,5,5,0,5,0,52,32,0,0,0,0,0,0,5,0,0,0,0,0,0,0,0,0,0,0,3,3,2,32,0,20,112,32,15,0
"java\test\org\apache\zookeeper\server\DeserializationPerfTest.java",1,1,3.791924539,5.091895661,9,0,9,6.555555556,4,1,1,8,9,11,9,1,8,3,70,39,1,0,1,0,0,0,9,2,0,1,0,0,1,0.15,0,0,0,0,8,1,1,23,0,10,82,23,68,0
"java\main\org\apache\zookeeper\server\ExitCode.java",0,0,1,0,0,0,0,0,1,1,0,0,0,0,0,0,0,0,3,2,0,0,0,0,0,0,0,0,0,0,0,0,0,0,0,0,0,0,0,0,0,0,0,0,0,0,0,0
"java\main\org\apache\zookeeper\server\FinalRequestProcessor.java",17.66666667,51,3.452819531,6.489912416,2,23.57022604,53,93.66666667,2,2,0,3,3,3,3,0,3,6,285,183,0,1,0,0,0,0,3,0,0,0,1,1,0,0,0,1,0,1,28,2,2,182,0,79,509,182,146,0
"java\test\org\apache\zookeeper\server\InvalidSnapCountTest.java",1,1,5.265456131,4.022055209,2,0,2,6,4,1,0,2,2,4,2,0,2,1,62,45,1,0,1,0,0,0,2,2,0,1,0,0,1,0.111111111,0,0,0,0,4,1,1,9,0,4,50,9,17,0
"java\test\org\apache\zookeeper\server\InvalidSnapshotTest.java",1.5,2,3.027169118,4.72836744,1,0.5,3,14.5,16,1,0,2,2,37,2,0,2,0,34,24,2,0,2,0,0,0,2,35,0,2,0,0,1,0.148148148,0,0,0,0,8,1,1,20,4,11,87,16,177,0
"java\main\org\apache\zookeeper\server\LogFormatter.java",8,8,3.121928095,5.527503847,0,0,8,55,1,1,1,0,1,1,1,0,1,2,58,37,0,0,0,0,0,0,1,0,0,0,0,0,0,0,0,0,0,0,5,1,1,14,0,6,112,14,10,0
"java\test\org\apache\zookeeper\server\MockNIOServerCnxn.java",1,1,3.546593564,3.725650756,3,0,3,3.666666667,53,0,0,3,3,53,3,1,2,5,14,7,2,0,2,1,1,0,2,50,1,2,0,0,1,0.488017429,0.037735849,1,1,0,2,0,0,11,11,2,110,0,165,0
"java\main\org\apache\zookeeper\server\NIOServerCnxn.java",4.066666667,23,6.344252203,6.947304527,11,5.092041721,122,16.73333333,53,16,0,30,30,58,30,11,19,36,836,549,1,1,1,15,14,1,16,28,14,1,2,2,1,0.29178338,0.24137931,4,3,1,27,9,8,85,11,43,259,74,163,0
"java\main\org\apache\zookeeper\server\NIOServerCnxnFactory.java",2.166666667,9,5.612879639,6.200226808,11,2.114762923,39,10,15,7,0,18,18,29,18,4,14,17,208,135,1,0,1,10,10,0,8,11,10,1,0,0,1,0.306878307,0.344827586,2,2,0,4,6,6,29,5,12,225,24,262,0
"java\test\org\apache\zookeeper\server\NIOServerCnxnTest.java",3,3,4.340436146,5.25425223,0,0,6,21.5,16,1,0,2,2,37,2,0,2,2,58,35,2,0,2,0,0,0,2,35,0,2,0,0,1,0.148148148,0,0,0,0,9,1,1,26,6,12,91,20,201,0
"java\main\org\apache\zookeeper\server\NettyServerCnxn.java",3.619047619,19,6.251768562,6.852611253,10,4.785655058,76,15.95238095,51,14,0,21,21,50,21,4,17,20,686,459,1,1,1,13,13,0,8,29,13,1,1,1,1,0.251322751,0.26,3,2,1,27,9,8,89,9,50,264,80,156,0
"java\main\org\apache\zookeeper\server\NettyServerCnxnFactory.java",1.928571429,5,5.406689973,5.846718712,9,1.486332289,27,8.928571429,17,9,0,14,14,25,14,1,13,8,313,180,1,0,1,10,10,0,4,11,10,1,0,0,1,0.292063492,0.4,2,2,0,4,7,7,14,5,10,112,9,160,0
"java\test\org\apache\zookeeper\server\NettyServerCnxnTest.java",1.5,2,3.521640636,5.551995891,1,0.5,3,22,16,1,0,2,2,36,2,0,2,0,50,30,2,0,2,1,1,0,1,34,1,2,0,0,1,0.120634921,0.055555556,0,0,0,7,1,1,16,2,9,68,14,171,0
"java\main\org\apache\zookeeper\server\ObserverBean.java",1,1,3.373557262,3.302722753,4,0,4,3.25,4,1,0,4,4,27,4,0,4,2,16,11,1,0,1,1,1,0,3,23,1,1,0,0,1,0.472222222,0.037037037,0,0,0,3,1,1,4,2,3,8,2,57,0
"java\main\org\apache\zookeeper\server\PrepRequestProcessor.java",7.4375,31,5.670857281,7.084513746,6,9.239647923,119,32.9375,10,6,2,14,16,20,16,6,10,33,545,380,3,1,3,1,0,1,16,4,0,3,1,1,1,0.235294118,0,0,0,0,31,3,3,138,3,77,346,135,73,0
"java\test\org\apache\zookeeper\server\PrepRequestProcessorTest.java",1.25,3,5.683358812,6.223745415,7,0.661437828,10,10.5,23,8,0,8,8,43,8,2,6,3,143,90,2,0,2,0,0,0,8,35,0,2,0,0,1,0.197530864,0,0,0,0,19,7,7,112,7,33,627,105,281,0
"java\main\org\apache\zookeeper\server\PurgeTxnLog.java",2.428571429,4,4.465945933,5.813788672,2,1.049781318,17,15.28571429,4,4,7,0,7,7,7,3,4,9,113,80,0,0,0,0,0,0,7,0,0,0,0,0,0,0,0,0,0,0,3,4,2,17,0,8,49,17,20,0
"java\test\org\apache\zookeeper\server\PurgeTxnTest.java",2.235294118,4,5.152172422,6.690833025,7,1.261624152,38,22.47058824,8,5,0,17,17,19,17,4,13,18,400,313,1,0,1,0,0,0,17,2,0,1,0,0,1,0.157407407,0,0,0,0,12,3,3,196,0,86,692,196,169,0
"java\main\org\apache\zookeeper\server\ReferenceCountedACLCache.java",2.8,4,5.065901637,5.598758887,3,1.2489996,28,11.2,6,6,0,10,10,10,10,2,8,6,142,109,0,0,0,0,0,0,10,0,0,0,0,0,0,0,0,0,0,0,6,4,2,4,0,2,4,4,11,0
"java\test\org\apache\zookeeper\server\ReferenceCountedACLCacheTest.java",1.214285714,3,4.464816917,5.369801277,12,0.557874977,17,11.14285714,0,0,0,14,14,14,14,4,10,9,167,144,0,0,0,0,0,0,14,0,0,0,0,0,0,0,0,0,0,0,5,0,0,92,0,54,497,92,29,0
"java\main\org\apache\zookeeper\server\Request.java",7,19,5.11149676,5.152587301,5,7.527726527,63,16,14,14,3,6,9,9,9,0,9,12,162,76,0,1,0,0,0,0,9,0,0,0,1,1,0,0,0,0,0,0,4,7,7,0,0,0,0,0,9,0
"java\test\org\apache\zookeeper\server\SerializationPerfTest.java",1.2,3,4.452696609,4.900594614,9,0.6,12,6.3,4,1,2,8,10,12,10,1,9,9,78,44,1,0,1,0,0,0,10,2,0,1,0,0,1,0.151515152,0,0,0,0,7,1,1,17,0,6,79,17,55,0
"java\main\org\apache\zookeeper\server\ServerCnxn.java",1.142857143,10,6.154190685,6.303396078,34,1.726149425,48,5.071428571,37,37,4,38,42,42,42,8,34,20,303,231,0,2,0,29,0,29,42,0,0,0,2,5,0,0,0,5,0,5,4,10,8,2,0,2,4,2,44,0
"java\main\org\apache\zookeeper\server\ServerCnxnFactory.java",1,7,5.505426359,6.088918062,16,1.66189794,21,5.142857143,8,8,3,18,21,21,21,1,20,16,122,82,0,1,0,46,0,46,21,0,0,0,4,4,0,0,0,4,0,4,9,8,8,20,0,9,222,20,36,0
"java\test\org\apache\zookeeper\server\ServerCnxnFactoryAccessor.java",1,1,2.321928095,2.251629167,1,0,1,3,0,0,1,0,1,1,1,0,1,1,5,3,0,0,0,0,0,0,1,0,0,0,0,0,0,0,0,0,0,0,2,0,0,0,0,0,0,0,1,0
"java\main\org\apache\zookeeper\server\ServerConfig.java",1.3,4,4.47745927,4.558660009,9,0.9,13,3.7,7,7,0,10,10,10,10,0,10,3,46,44,0,0,0,0,0,0,10,0,0,0,0,0,0,0,0,0,0,0,3,3,2,11,0,8,36,11,27,0
"java\main\org\apache\zookeeper\server\ServerStats.java",1.277777778,3,4.930484322,4.956460936,14,0.558326423,23,4.5,7,7,0,18,18,18,18,0,18,2,97,71,0,0,0,0,0,0,18,0,0,0,0,0,0,0,0,0,0,0,1,0,0,0,0,0,0,0,18,0
"java\main\org\apache\zookeeper\server\SessionTrackerImpl.java",2.857142857,6,5.486312632,5.960887437,4,1.684260875,40,12.35714286,14,10,1,13,14,18,14,1,13,20,206,153,3,0,3,0,0,0,14,4,0,3,0,0,1,0.233333333,0,0,0,0,8,4,3,31,3,11,36,28,23,0
"java\test\org\apache\zookeeper\server\SessionTrackerTest.java",1.333333333,2,4.784941827,5.119655115,2,0.471404521,4,18.33333333,7,4,0,3,3,5,3,1,2,1,80,55,1,0,1,0,0,0,3,2,0,1,0,0,1,0.125,0,0,0,0,7,2,2,31,0,15,115,31,50,0
"java\main\org\apache\zookeeper\server\SnapshotFormatter.java",1.625,4,4.40582225,5.541923799,5,0.992156742,13,8.5,0,0,1,7,8,8,8,6,2,12,70,53,0,0,0,0,0,0,8,0,0,0,0,0,0,0,0,0,0,0,5,0,0,15,0,8,37,15,46,0
"java\main\org\apache\zookeeper\server\SyncRequestProcessor.java",3.875,14,4.874057377,5.391156821,5,4.399928977,31,14.875,15,11,3,5,8,12,8,2,6,10,134,90,3,1,3,0,0,0,8,4,0,3,1,1,1,0.222222222,0,1,0,1,4,7,7,12,3,9,19,9,21,0
"java\test\org\apache\zookeeper\server\ToStringTest.java",1,1,2,2.5,1,0,1,4,3,0,0,1,1,3,1,0,1,0,7,4,1,0,1,0,0,0,1,2,0,1,0,0,1,0.083333333,0,0,0,0,0,0,0,0,0,0,0,0,3,0
"java\main\org\apache\zookeeper\server\TraceFormatter.java",10.5,16,2.75,5.341872611,0,5.5,21,42,0,0,2,0,2,2,2,0,2,2,86,47,0,0,0,0,0,0,2,0,0,0,0,0,0,0,0,0,0,0,1,0,0,0,0,0,0,0,2,0
"java\main\org\apache\zookeeper\server\UnimplementedRequestProcessor.java",1.5,2,2.807354922,4.066677074,1,0.5,3,6.5,0,0,0,2,2,2,2,0,2,2,15,10,0,0,0,0,0,0,2,0,0,0,0,0,0,0,0,0,0,0,6,0,0,12,0,6,10,12,8,0
"java\main\org\apache\zookeeper\server\WatchManager.java",3.714285714,7,4.2883444,5.386044516,1,2.118913853,26,14.28571429,3,3,0,7,7,7,7,0,7,10,108,81,0,0,0,0,0,0,7,0,0,0,0,0,0,0,0,0,0,0,6,3,2,10,0,4,10,10,11,0
"java\main\org\apache\zookeeper\server\ZKDatabase.java",1.162162162,5,6.257267094,6.619964363,34,0.678372994,43,5.081081081,11,11,0,37,37,37,37,0,37,34,200,141,0,0,0,0,0,0,37,0,0,0,0,0,0,0,0,0,0,0,17,6,6,69,0,27,374,69,156,0
"java\main\org\apache\zookeeper\server\ZooKeeperCriticalThread.java",1,1,3.683542362,3.386266143,2,0,2,4.5,4,2,0,2,2,4,2,1,1,4,15,9,2,2,2,2,1,1,1,2,1,2,8,10,1,0.555555556,0.5,0,0,0,2,1,1,2,2,1,3,0,4,0
"java\main\org\apache\zookeeper\server\ZooKeeperSaslServer.java",1,1,4.02346519,3.903208062,5,0,5,3.8,4,4,0,5,5,5,5,1,4,3,25,17,0,0,0,0,0,0,5,0,0,0,0,0,0,0,0,0,0,0,2,4,3,11,0,2,58,11,7,0
"java\main\org\apache\zookeeper\server\ZooKeeperServer.java",1.97260274,10,6.963144993,7.54426167,49,1.979155782,144,8.95890411,22,22,1,72,73,73,73,13,60,85,724,473,0,3,0,26,0,26,73,0,0,0,3,10,0,0,0,14,0,14,43,14,14,221,0,118,400,221,240,0
"java\main\org\apache\zookeeper\server\ZooKeeperServerBean.java",1.083333333,2,4.970226604,4.910112442,22,0.276385399,26,3.541666667,3,3,0,24,24,24,24,0,24,6,90,61,0,1,0,4,0,4,24,0,0,0,4,4,0,0,0,0,0,0,4,3,3,38,0,34,79,38,52,0
"java\main\org\apache\zookeeper\server\ZooKeeperServerListenerImpl.java",1,1,3.572469459,3.381580488,2,0,2,3.5,2,2,0,2,2,2,2,0,2,3,13,8,0,0,0,0,0,0,2,0,0,0,0,0,0,0,0,0,0,0,2,2,2,2,0,1,7,2,4,0
"java\main\org\apache\zookeeper\server\ZooKeeperServerMain.java",2.8,4,4.055958152,5.389665186,1,1.166190379,14,15.2,3,3,1,4,5,5,5,2,3,8,83,56,0,1,0,2,0,2,5,0,0,0,2,2,0,0,0,0,0,0,7,3,3,36,0,21,122,36,60,0
"java\test\org\apache\zookeeper\server\ZooKeeperServerMainTest.java",1.545454545,5,6.810328302,6.039011593,8,1.157083824,17,18.63636364,4,1,0,11,11,13,11,2,9,4,407,275,1,0,1,0,0,0,11,2,0,1,0,0,1,0.152777778,0,0,0,0,13,1,1,190,0,82,686,190,166,0
"java\main\org\apache\zookeeper\server\ZooKeeperServerShutdownHandler.java",1.5,2,2.503258335,2.905639062,1,0.5,3,4,1,1,0,2,2,2,2,0,2,2,11,7,0,0,0,0,0,0,2,0,0,0,0,0,0,0,0,0,0,0,1,1,1,0,0,0,0,0,2,0
"java\test\org\apache\zookeeper\server\ZooKeeperServerStartupTest.java",1.75,5,5.452961462,5.689642076,5,1.299038106,14,18.875,12,9,0,8,8,10,8,3,5,4,202,122,1,0,1,0,0,0,8,2,0,1,0,0,1,0.148148148,0,0,0,0,11,8,6,65,0,30,160,65,102,0
"java\test\org\apache\zookeeper\server\ZooKeeperServerTest.java",1.5,4,2.69951385,4.280328795,5,1.118033989,9,13.33333333,3,0,0,6,6,8,6,0,6,1,88,65,1,0,1,0,0,0,6,2,0,1,0,0,1,0.142857143,0,0,0,0,3,0,0,22,0,10,88,22,18,0
"java\main\org\apache\zookeeper\server\ZooKeeperThread.java",1,1,4.150158513,3.553508855,3,0,3,3.666666667,2,2,0,3,3,3,3,1,2,5,21,13,1,3,1,3,0,3,3,0,0,1,16,27,1,0.125,0,0,0,0,0,2,2,0,0,0,0,0,3,0
"java\test\org\apache\zookeeper\server\ZooKeeperThreadTest.java",1,1,4.377278131,3.74832866,1,0,1,11,1,1,0,1,1,1,1,0,1,0,43,25,0,0,0,0,0,0,1,0,0,0,0,0,0,0,0,0,0,0,2,1,1,4,0,2,5,4,5,0
"java\main\org\apache\zookeeper\server\ZooTrace.java",1.5,2,4.180768322,4.332177172,3,0.5,9,5.166666667,10,10,6,0,6,6,6,0,6,15,45,28,0,0,0,0,0,0,6,0,0,0,0,0,0,0,0,0,0,0,2,0,0,6,0,2,82,6,12,0
"java\test\org\apache\zookeeper\server\ZxidRolloverTest.java",1.857142857,3,4.700711648,5.152278844,8,0.773717943,39,11.28571429,7,7,0,21,21,21,21,16,5,15,253,212,1,0,1,0,0,0,21,0,0,1,0,0,1,0.159090909,0,0,0,0,13,5,5,77,0,31,266,77,301,0
"java\main\org\apache\zookeeper\server\auth\DigestAuthenticationProvider.java",2.333333333,6,4.564153834,4.960092504,5,1.825741858,21,9.222222222,2,2,4,5,9,9,9,2,7,10,90,61,0,0,0,0,0,0,9,0,0,0,0,0,0,0,0,0,0,0,3,2,2,4,0,2,8,4,10,0
"java\main\org\apache\zookeeper\server\auth\DigestLoginModule.java",1.2,2,3.826874882,4.077212078,4,0.4,6,4.4,1,1,0,5,5,5,5,0,5,4,25,18,0,0,0,0,0,0,5,0,0,0,0,0,0,0,0,0,0,0,0,1,1,0,0,0,0,0,5,0
"java\main\org\apache\zookeeper\server\auth\IPAuthenticationProvider.java",2.5,8,4.110577243,4.819036486,5,2.449489743,20,9.875,0,0,0,8,8,8,8,3,5,11,82,60,0,0,0,0,0,0,8,0,0,0,0,0,0,0,0,0,0,0,3,0,0,3,0,2,5,3,10,0
"java\main\org\apache\zookeeper\server\auth\KerberosName.java",2.181818182,5,5.525254627,5.224406662,5,1.336085314,24,8.818181818,9,9,4,7,11,11,11,0,11,3,261,174,0,0,0,0,0,0,11,0,0,0,0,0,0,0,0,0,0,0,3,9,3,13,0,5,68,13,20,0
"java\main\org\apache\zookeeper\server\auth\ProviderRegistry.java",3,5,3.594465637,5.263235901,0,1.414213562,9,13,3,3,3,0,3,3,3,0,3,2,45,33,0,0,0,0,0,0,3,0,0,0,0,0,0,0,0,0,0,0,4,2,2,2,0,2,4,2,5,0
"java\main\org\apache\zookeeper\server\auth\SASLAuthenticationProvider.java",1.4,2,3.721611724,3.936414669,3,0.489897949,7,5,0,0,0,5,5,5,5,0,5,6,28,16,0,0,0,0,0,0,5,0,0,0,0,0,0,0,0,0,0,0,4,0,0,2,0,1,16,2,6,0
"java\main\org\apache\zookeeper\server\auth\SaslServerCallbackHandler.java",2.666666667,6,4.893244171,6.114039864,4,1.825741858,24,9.666666667,7,7,0,9,9,9,9,7,2,10,96,72,0,0,0,0,0,0,9,0,0,0,0,0,0,0,0,0,0,0,2,7,3,7,0,6,43,7,20,0
"contrib\rest\src\test\org\apache\zookeeper\server\jersey\Base.java",1,1,4.548688113,4.939437416,3,0,3,8.666666667,10,10,1,2,3,3,3,1,2,0,40,29,1,1,1,0,0,0,3,0,0,1,9,9,1,0.125,0,0,0,0,6,9,6,22,0,8,100,22,93,0
"contrib\rest\src\test\org\apache\zookeeper\server\jersey\CreateTest.java",3.333333333,8,4.533184175,5.076243694,2,3.299831646,10,28.66666667,19,9,1,2,3,6,3,0,3,8,103,51,2,0,2,0,0,0,3,3,0,2,0,0,1,0.166666667,0,0,0,0,2,7,4,19,1,9,21,18,103,0
"contrib\rest\src\test\org\apache\zookeeper\server\jersey\DeleteTest.java",1.25,2,4.574054041,5.150149025,3,0.433012702,5,7,13,3,1,3,4,7,4,0,4,4,39,24,2,0,2,0,0,0,4,3,0,2,0,0,1,0.177777778,0,0,0,0,3,3,3,9,1,3,33,8,101,0
"contrib\rest\src\test\org\apache\zookeeper\server\jersey\ExistsTest.java",1.25,2,4.25419565,4.86677436,3,0.433012702,5,6.75,13,3,1,3,4,7,4,1,3,3,34,20,2,0,2,0,0,0,4,3,0,2,0,0,1,0.177777778,0,0,0,0,0,3,3,1,1,1,5,0,97,0
"contrib\rest\src\test\org\apache\zookeeper\server\jersey\GetChildrenTest.java",2.666666667,6,4.264578374,5.346148458,2,2.357022604,8,24.33333333,16,6,1,2,3,6,3,0,3,5,83,46,2,0,2,0,0,0,3,3,0,2,0,0,1,0.166666667,0,0,0,0,5,6,4,11,6,7,56,5,96,0
"contrib\rest\src\test\org\apache\zookeeper\server\jersey\GetTest.java",2,4,4.187889195,4.762074355,2,1.414213562,6,20.33333333,16,6,1,2,3,6,3,0,3,5,71,29,2,0,2,0,0,0,3,3,0,2,0,0,1,0.166666667,0,0,0,0,2,6,4,45,1,12,75,44,98,0
"contrib\rest\src\java\org\apache\zookeeper\server\jersey\RestMain.java",2.166666667,5,4.226566669,5.713025377,3,1.462494065,13,13,3,3,2,4,6,6,6,2,4,5,83,60,0,0,0,0,0,0,6,0,0,0,0,0,0,0,0,0,0,0,5,3,3,26,0,19,45,26,48,0
"contrib\rest\src\test\org\apache\zookeeper\server\jersey\RestTestSuite.java",1,1,2.321928095,1,2,0,2,2,0,0,2,0,2,2,2,0,2,0,8,3,0,0,0,0,0,0,2,0,0,0,0,0,0,0,0,0,0,0,0,0,0,0,0,0,0,0,2,0
"contrib\rest\src\test\org\apache\zookeeper\server\jersey\RootTest.java",1,1,3.121928095,4.937484132,1,0,1,18,11,1,0,1,1,4,1,0,1,0,22,17,2,0,2,0,0,0,1,3,0,2,0,0,1,0.111111111,0,0,0,0,2,1,1,6,0,2,4,6,101,0
"contrib\rest\src\test\org\apache\zookeeper\server\jersey\SessionTest.java",1,1,3.946222777,5.256833881,7,0,7,8.857142857,11,1,0,7,7,10,7,2,5,1,70,48,2,0,2,0,0,0,7,3,0,2,0,0,1,0.194444444,0,0,0,0,4,1,1,29,0,10,20,29,117,0
"contrib\rest\src\test\org\apache\zookeeper\server\jersey\SetTest.java",3.666666667,9,4.509385232,5.053586639,2,3.771236166,11,24.33333333,17,7,1,2,3,6,3,0,3,6,88,43,2,0,2,0,0,0,3,3,0,2,0,0,1,0.166666667,0,0,0,0,4,6,4,34,1,9,57,33,102,0
"contrib\rest\src\test\org\apache\zookeeper\server\jersey\WadlTest.java",1,1,2.947702779,3.836591668,1,0,1,7,11,1,0,1,1,4,1,0,1,0,11,6,2,0,2,0,0,0,1,3,0,2,0,0,1,0.111111111,0,0,0,0,0,1,1,0,0,0,0,0,94,0
"contrib\rest\src\java\org\apache\zookeeper\server\jersey\ZooKeeperService.java",2,5,4.654460473,4.8960334,5,1.341640786,20,7.8,5,5,10,0,10,10,10,1,9,18,123,82,0,0,0,0,0,0,10,0,0,0,0,0,0,0,0,0,0,0,4,5,3,20,0,8,36,20,60,0
"contrib\rest\src\java\org\apache\zookeeper\server\jersey\cfg\Credentials.java",1.666666667,3,2.359879029,3.664554461,2,0.942809042,5,6.333333333,0,0,1,2,3,3,3,0,3,3,21,16,1,0,1,0,0,0,3,0,0,1,0,0,1,0.125,0,0,0,0,0,0,0,0,0,0,0,0,3,0
"contrib\rest\src\java\org\apache\zookeeper\server\jersey\cfg\Endpoint.java",1,1,4.10796992,4.231200234,10,0,10,3.2,4,4,0,10,10,10,10,0,10,5,41,27,0,0,0,0,0,0,10,0,0,0,0,0,0,0,0,0,0,0,2,4,3,8,0,5,38,8,14,0
"contrib\rest\src\java\org\apache\zookeeper\server\jersey\cfg\HostPort.java",1,1,3.452819531,3.840455317,5,0,5,3.6,2,2,0,5,5,5,5,0,5,2,24,16,0,0,0,0,0,0,5,0,0,0,0,0,0,0,0,0,0,0,0,1,1,0,0,0,0,0,5,0
"contrib\rest\src\java\org\apache\zookeeper\server\jersey\cfg\HostPortSet.java",2,3,3.182005815,3.600190876,1,1,4,8.5,2,2,0,2,2,2,2,0,2,1,22,16,0,0,0,0,0,0,2,0,0,0,0,0,0,0,0,0,0,0,1,2,2,2,0,1,4,2,3,0
"contrib\rest\src\java\org\apache\zookeeper\server\jersey\cfg\RestCfg.java",1.363636364,4,4.293931663,4.903450917,9,0.881396338,15,5.636363636,3,3,0,11,11,11,11,2,9,3,67,46,0,0,0,0,0,0,11,0,0,0,0,0,0,0,0,0,0,0,2,3,3,9,0,4,17,9,17,0
"contrib\rest\src\java\org\apache\zookeeper\server\jersey\filters\HTTPBasicAuth.java",1.8,3,4.136842188,4.976610689,3,0.979795897,9,7,1,1,0,5,5,5,5,1,4,6,41,25,0,0,0,0,0,0,5,0,0,0,0,0,0,0,0,0,0,0,1,1,1,0,0,0,0,0,5,0
"contrib\rest\src\java\org\apache\zookeeper\server\jersey\jaxb\ZChildren.java",1.4,2,3.61517131,3.499528752,3,0.489897949,7,5.6,4,4,0,5,5,5,5,0,5,5,39,23,0,0,0,0,0,0,5,0,0,0,0,0,0,0,0,0,0,0,0,4,2,0,0,0,0,0,5,0
"contrib\rest\src\java\org\apache\zookeeper\server\jersey\jaxb\ZChildrenJSON.java",1.4,2,3.291562502,3.499528752,3,0.489897949,7,5.6,4,4,0,5,5,5,5,0,5,5,37,23,0,0,0,0,0,0,5,0,0,0,0,0,0,0,0,0,0,0,0,4,2,0,0,0,0,0,5,0
"contrib\rest\src\java\org\apache\zookeeper\server\jersey\jaxb\ZError.java",1,1,1.936260028,1.970950594,2,0,2,3,2,2,0,2,2,2,2,0,2,2,10,7,0,0,0,0,0,0,2,0,0,0,0,0,0,0,0,0,0,0,0,2,1,0,0,0,0,0,2,0
"contrib\rest\src\java\org\apache\zookeeper\server\jersey\jaxb\ZPath.java",1.166666667,2,3.000972825,2.997458513,5,0.372677996,7,3.666666667,2,2,0,6,6,6,6,0,6,4,29,18,0,0,0,0,0,0,6,0,0,0,0,0,0,0,0,0,0,0,0,2,1,0,0,0,0,0,6,0
"contrib\rest\src\java\org\apache\zookeeper\server\jersey\jaxb\ZSession.java",1.2,2,3.065957321,3.081229704,4,0.4,6,3.8,2,2,0,5,5,5,5,0,5,3,26,16,0,0,0,0,0,0,5,0,0,0,0,0,0,0,0,0,0,0,0,2,1,0,0,0,0,0,5,0
"contrib\rest\src\java\org\apache\zookeeper\server\jersey\jaxb\ZStat.java",1.333333333,2,4.087918824,4.346083066,4,0.471404521,8,7.333333333,15,15,0,6,6,6,6,0,6,19,64,46,0,0,0,0,0,0,6,0,0,0,0,0,0,0,0,0,0,0,0,3,1,0,0,0,0,0,6,0
"contrib\rest\src\java\org\apache\zookeeper\server\jersey\resources\JAXBContextResolver.java",1.5,2,3.182005815,3.901712212,1,0.5,3,12,2,2,0,2,2,2,2,0,2,1,28,9,0,0,0,0,0,0,2,0,0,0,0,0,0,0,0,0,0,0,3,2,2,0,0,0,0,0,2,0
"contrib\rest\src\java\org\apache\zookeeper\server\jersey\resources\KeeperExceptionMapper.java",4.5,8,3.085055103,4.318688135,1,3.5,9,22,1,1,0,2,2,2,2,0,2,2,47,33,0,0,0,0,0,0,2,0,0,0,0,0,0,0,0,0,0,0,3,1,1,6,0,4,12,6,7,0
"contrib\rest\src\java\org\apache\zookeeper\server\jersey\resources\RuntimeExceptionMapper.java",1.5,2,3.085055103,3.989898095,1,0.5,3,6.5,1,1,0,2,2,2,2,0,2,2,18,9,0,0,0,0,0,0,2,0,0,0,0,0,0,0,0,0,0,0,1,1,1,3,0,1,3,3,3,0
"contrib\rest\src\java\org\apache\zookeeper\server\jersey\resources\SessionsResource.java",2.2,5,4.544071243,5.362979325,2,1.469693846,11,11.2,2,2,1,4,5,5,5,1,4,13,70,32,0,0,0,0,0,0,5,0,0,0,0,0,0,0,0,0,0,0,3,2,2,26,0,8,54,26,62,0
"contrib\rest\src\java\org\apache\zookeeper\server\jersey\resources\ZErrorWriter.java",1,1,3.287866277,4.592035881,3,0,3,6,0,0,0,3,3,3,3,0,3,16,20,9,0,0,0,0,0,0,3,0,0,0,0,0,0,0,0,0,0,0,1,0,0,0,0,0,0,0,3,0
"contrib\rest\src\java\org\apache\zookeeper\server\jersey\resources\ZNodeResource.java",3,7,4.447329601,5.930638558,3,1.963961012,42,18.92857143,1,1,1,13,14,14,14,3,11,62,296,130,0,0,0,0,0,0,14,0,0,0,0,0,0,0,0,0,0,0,10,1,1,110,0,24,193,110,107,0
"java\main\org\apache\zookeeper\server\persistence\FileSnap.java",3,8,4.707050748,5.919162216,2,2.160246899,27,13.44444444,6,6,0,9,9,9,9,2,7,17,131,99,0,0,0,0,0,0,9,0,0,0,0,0,0,0,0,0,0,0,7,2,2,30,0,9,89,30,54,0
"java\main\org\apache\zookeeper\server\persistence\FileTxnLog.java",2.875,6,6.487988009,6.422482915,6,1.899835519,46,12.3125,17,17,3,13,16,16,16,4,12,14,396,281,0,0,0,0,0,0,16,0,0,0,0,0,0,0,0,0,0,0,9,8,7,42,0,15,85,42,38,0
"java\main\org\apache\zookeeper\server\persistence\FileTxnSnapLog.java",2.133333333,7,5.175590312,6.054016516,12,2.276449477,32,9.866666667,7,7,0,15,15,15,15,0,15,16,160,102,0,1,0,2,0,2,15,0,0,0,2,2,0,0,0,0,0,0,16,4,3,61,0,24,560,61,99,0
"java\main\org\apache\zookeeper\server\persistence\Util.java",1.933333333,6,5.405244434,6.223571642,8,1.388844444,29,7.933333333,5,5,15,0,15,15,15,0,15,29,143,101,0,0,0,0,0,0,15,0,0,0,0,0,0,0,0,0,0,0,5,5,3,5,0,2,5,5,18,0
"java\main\org\apache\zookeeper\server\quorum\AckRequestProcessor.java",1.333333333,2,3.452819531,3.477175233,2,0.471404521,4,4,2,2,0,3,3,3,3,0,3,2,16,11,0,0,0,0,0,0,3,0,0,0,0,0,0,0,0,0,0,0,3,2,2,5,0,2,58,5,16,0
"java\main\org\apache\zookeeper\server\quorum\AuthFastLeaderElection.java",4.222222222,24,6.709699561,5.761202278,4,7.05183629,38,17.88888889,14,14,0,9,9,9,9,5,4,12,653,444,0,0,0,0,0,0,9,0,0,0,0,0,0,0,0,0,0,0,10,5,4,67,0,35,203,67,123,0
"java\test\org\apache\zookeeper\server\quorum\CnxManagerTest.java",3.6,6,5.990268694,6.50400677,1,1.562049935,36,23.7,10,7,0,10,10,12,10,0,10,9,309,249,1,0,1,0,0,0,10,2,0,1,0,0,1,0.151515152,0,0,0,0,11,3,3,77,0,44,273,77,203,0
"java\main\org\apache\zookeeper\server\quorum\CommitProcessor.java",5.8,19,4.198777005,5.229838607,1,6.675327707,29,21.4,11,7,0,5,5,9,5,0,5,8,117,74,3,0,3,0,0,0,5,4,0,3,0,0,1,0.208333333,0,0,0,0,3,4,3,7,3,3,41,4,11,0
"java\test\org\apache\zookeeper\server\quorum\FLEBackwardElectionRoundTest.java",2.333333333,3,4.51755943,5.087236184,1,0.942809042,7,16.33333333,9,6,0,3,3,5,3,0,3,0,59,51,1,0,1,0,0,0,3,2,0,1,0,0,1,0.125,0,0,0,0,10,4,4,33,1,14,147,32,155,0
"java\test\org\apache\zookeeper\server\quorum\FLECompatibilityTest.java",1.2,2,6.094637038,5.584746309,4,0.4,6,13.4,8,5,0,5,5,7,5,0,5,0,221,149,1,0,1,0,0,0,5,2,0,1,0,0,1,0.138888889,0,0,0,0,13,3,3,59,0,20,94,59,33,0
"java\test\org\apache\zookeeper\server\quorum\FLEDontCareTest.java",1.125,2,5.106577387,5.000914044,7,0.330718914,9,16.5,4,4,0,8,8,8,8,0,8,8,161,78,0,0,0,0,0,0,8,0,0,0,0,0,0,0,0,0,0,0,10,4,4,264,0,67,257,264,39,0
"java\test\org\apache\zookeeper\server\quorum\FLELostMessageTest.java",1.5,3,4.62505384,5.377026155,3,0.866025404,6,9.75,9,6,0,4,4,6,4,0,4,0,50,40,1,0,1,0,0,0,4,2,0,1,0,0,1,0.133333333,0,0,0,0,10,4,4,31,1,12,109,30,156,0
"java\test\org\apache\zookeeper\server\quorum\FLETestUtils.java",1,1,4.728170401,2.918295834,1,0,1,3,1,1,1,0,1,1,1,0,1,4,31,24,0,0,0,0,0,0,1,0,0,0,0,0,0,0,0,0,0,0,1,1,1,6,0,1,11,6,2,0
"java\main\org\apache\zookeeper\server\quorum\FastLeaderElection.java",3.25,30,6.412743847,6.250344807,9,6.219927652,65,16.2,13,13,1,19,20,20,20,12,8,31,562,329,0,1,0,2,0,2,20,0,0,0,3,3,0,0,0,1,0,1,13,6,5,106,0,50,225,106,162,0
"java\main\org\apache\zookeeper\server\quorum\Follower.java",2.714285714,8,4.262692391,5.953280757,4,2.547507786,19,14.14285714,12,2,0,7,7,20,7,2,5,6,105,71,1,1,1,1,1,0,6,13,1,1,2,2,1,0.166666667,0.05,0,0,0,10,1,1,49,17,23,419,32,229,0
"java\main\org\apache\zookeeper\server\quorum\FollowerBean.java",1,1,3.681880803,3.792841638,6,0,6,3.166666667,4,1,0,6,6,29,6,0,6,2,23,15,1,0,1,1,1,0,5,23,1,1,0,0,1,0.486111111,0.034482759,0,0,0,4,1,1,5,2,4,10,3,60,0
"java\main\org\apache\zookeeper\server\quorum\FollowerRequestProcessor.java",4.25,13,4.106377317,4.788778763,2,5.068283733,17,13,9,5,0,4,4,8,4,0,4,4,61,36,3,0,3,0,0,0,4,4,0,3,0,0,1,0.2,0,0,0,0,7,3,3,17,3,8,49,14,18,0
"java\main\org\apache\zookeeper\server\quorum\FollowerZooKeeperServer.java",1.7,4,5.020965967,5.780243277,6,1.004987562,17,8.1,28,5,0,10,10,85,10,1,9,9,94,58,3,0,3,3,3,0,7,75,3,3,0,0,1,0.453792735,0.105882353,2,2,0,14,5,5,46,13,16,89,33,287,0
"java\main\org\apache\zookeeper\server\quorum\Leader.java",4,18,6.798852636,7.128176834,15,4.586336529,116,17.68965517,42,42,1,28,29,29,29,5,24,33,645,434,0,1,0,1,0,1,29,0,0,0,2,2,0,0,0,0,0,0,19,16,12,116,0,81,274,116,211,0
"java\main\org\apache\zookeeper\server\quorum\LeaderBean.java",1.2,2,3.572431251,4.173416585,4,0.4,6,4,4,1,0,5,5,28,5,0,5,2,24,17,1,0,1,1,1,0,4,23,1,1,0,0,1,0.480555556,0.035714286,0,0,0,4,1,1,6,2,5,18,4,62,0
"java\main\org\apache\zookeeper\server\quorum\LeaderElection.java",8,18,4.593400349,6.198668028,2,7.314369419,32,44.25,3,3,0,4,4,4,4,1,3,8,189,134,0,1,0,0,0,0,4,0,0,0,1,1,0,0,0,1,0,1,8,3,3,78,0,52,169,78,121,0
"java\main\org\apache\zookeeper\server\quorum\LeaderElectionBean.java",1,1,3.095795255,2.521640636,3,0,3,3,1,1,0,3,3,3,3,0,3,0,12,8,0,0,0,0,0,0,3,0,0,0,0,0,0,0,0,0,0,0,0,1,1,0,0,0,0,0,3,0
"java\main\org\apache\zookeeper\server\quorum\LeaderZooKeeperServer.java",1.642857143,4,4.522571589,5.903010896,9,0.971533608,23,7,24,1,0,14,14,80,14,6,8,18,110,60,2,0,2,5,5,0,9,66,5,2,0,0,1,0.556807512,0.125,5,5,0,19,1,1,70,21,30,156,49,269,0
"java\main\org\apache\zookeeper\server\quorum\Learner.java",4.357142857,27,5.767733745,7.066839902,3,6.421027319,61,24.71428571,10,10,0,14,14,14,14,6,8,14,366,261,0,2,0,4,0,4,14,0,0,0,4,7,0,0,0,0,0,0,22,6,6,118,0,60,422,118,216,0
"java\main\org\apache\zookeeper\server\quorum\LearnerHandler.java",5.642857143,39,5.598413762,7.086892301,8,9.932681575,79,31.92857143,16,14,1,13,14,17,14,1,13,17,508,355,2,0,2,0,0,0,14,3,0,2,0,0,1,0.207407407,0,0,0,0,21,11,11,127,2,51,483,125,108,0
"java\main\org\apache\zookeeper\server\quorum\LearnerSessionTracker.java",1,1,4.522055209,4.783834767,11,0,11,3.545454545,5,5,0,11,11,11,11,0,11,16,46,32,0,0,0,0,0,0,11,0,0,0,0,0,0,0,0,0,0,0,3,2,2,2,0,1,5,2,12,0
"java\main\org\apache\zookeeper\server\quorum\LearnerSyncRequest.java",1,1,2.721928095,3.350209029,1,0,1,5,15,1,0,1,1,10,1,0,1,6,8,5,1,0,1,0,0,0,1,9,0,1,0,0,1,0.083333333,0,0,0,0,1,1,1,7,7,1,7,0,10,0
"java\test\org\apache\zookeeper\server\quorum\LearnerTest.java",3,4,4.576850774,5.684892825,0,1,6,23.5,4,1,1,1,2,4,2,1,1,2,74,56,1,0,1,0,0,0,2,2,0,1,0,0,1,0.111111111,0,0,0,0,11,1,1,29,0,16,216,29,221,0
"java\main\org\apache\zookeeper\server\quorum\LearnerZooKeeperServer.java",1.727272727,4,4.331976695,5.445767292,6,1.135454182,19,6.909090909,23,0,0,11,11,78,11,6,5,18,84,44,2,1,2,8,4,4,7,67,4,2,4,4,1,0.546557121,0.102564103,2,2,0,11,0,0,49,11,22,129,38,263,0
"java\main\org\apache\zookeeper\server\quorum\LocalPeerBean.java",1,1,4.055958152,3.657477396,13,0,13,3,2,1,0,13,13,14,13,0,13,1,42,28,1,0,1,1,1,0,12,1,1,1,0,0,1,0.653846154,0.071428571,0,0,0,1,1,1,11,0,11,36,11,28,0
"java\main\org\apache\zookeeper\server\quorum\Observer.java",3,8,3.969815782,5.802315995,3,2.75680975,15,15,10,0,0,5,5,18,5,1,4,5,78,53,1,1,1,1,1,0,4,13,1,1,1,1,1,0.157142857,0.055555556,0,0,0,9,0,0,42,17,16,390,25,225,0
"java\main\org\apache\zookeeper\server\quorum\ObserverRequestProcessor.java",4.25,13,4.106377317,4.788778763,2,5.068283733,17,13,9,5,0,4,4,8,4,0,4,4,61,36,3,0,3,0,0,0,4,4,0,3,0,0,1,0.2,0,0,0,0,7,3,3,17,3,8,49,14,18,0
"java\main\org\apache\zookeeper\server\quorum\ObserverZooKeeperServer.java",1.625,3,4.78418372,5.415223489,4,0.695970545,13,6.375,28,5,0,8,8,82,8,1,7,5,65,41,3,0,3,4,4,0,4,74,4,3,0,0,1,0.383760684,0.146341463,0,0,0,12,4,4,35,12,13,71,23,280,0
"java\main\org\apache\zookeeper\server\quorum\ProposalRequestProcessor.java",1.75,4,3.970573096,4.32530827,3,1.299038106,7,7.5,4,4,0,4,4,4,4,0,4,4,37,25,0,0,0,0,0,0,4,0,0,0,0,0,0,0,0,0,0,0,8,3,3,22,0,10,78,22,49,0
"java\main\org\apache\zookeeper\server\quorum\QuorumBean.java",1,1,3.235926351,2.866247897,4,0,4,3.25,2,2,0,4,4,4,4,0,4,1,17,12,0,0,0,0,0,0,4,0,0,0,0,0,0,0,0,0,0,0,1,2,2,2,0,2,4,2,9,0
"java\main\org\apache\zookeeper\server\quorum\QuorumCnxManager.java",2.692307692,10,6.419922921,6.512564076,8,2.14420921,70,14.15384615,26,26,0,26,26,26,26,9,17,52,668,446,0,1,0,0,0,0,26,0,0,0,1,1,0,0,0,0,0,0,9,12,9,41,0,16,163,41,38,0
"java\test\org\apache\zookeeper\server\quorum\QuorumCnxManagerTest.java",1.405405405,4,6.233728097,6.878445558,25,0.676216,52,15.13513514,12,9,3,34,37,39,37,13,24,35,668,432,1,0,1,0,0,0,37,2,0,1,0,0,1,0.162280702,0,0,0,0,26,5,5,292,0,106,1354,292,113,0
"java\main\org\apache\zookeeper\server\quorum\QuorumPeer.java",1.795918367,19,7.341075945,7.716637175,70,2.217551434,176,7.602040816,56,54,3,95,98,101,98,16,82,100,934,616,2,1,2,1,0,1,98,3,0,2,1,1,1,0.219977553,0,0,0,0,44,27,20,170,2,75,556,168,403,0
"java\main\org\apache\zookeeper\server\quorum\QuorumPeerConfig.java",4.130434783,68,5.919096278,6.531703352,20,13.63596379,95,13.13043478,32,32,1,22,23,23,23,1,22,6,347,269,0,0,0,0,0,0,23,0,0,0,0,0,0,0,0,0,0,0,8,12,5,34,0,11,48,34,30,0
"java\main\org\apache\zookeeper\server\quorum\QuorumPeerMain.java",3.666666667,4,3.88418372,5.472567336,0,0.471404521,11,27.66666667,3,3,1,2,3,3,3,1,2,8,88,56,0,1,0,3,0,3,3,0,0,0,4,4,0,0,0,0,0,0,8,3,3,86,0,47,223,86,226,0
"java\test\org\apache\zookeeper\server\quorum\QuorumPeerMainTest.java",4.388888889,19,4.74511789,6.619759425,2,4.0707478,79,37.05555556,8,3,2,16,18,21,18,3,15,11,690,523,2,0,2,0,0,0,18,3,0,2,0,0,1,0.210526316,0,0,0,0,16,2,2,419,4,192,1502,415,243,0
"java\test\org\apache\zookeeper\server\quorum\QuorumPeerTestBase.java",1,1,5.848787876,1.584962501,1,0,1,2,5,2,0,1,1,3,1,0,1,1,130,96,1,1,1,1,0,1,1,2,0,1,4,4,1,0.083333333,0,0,0,0,1,1,1,0,0,0,0,0,3,0
"java\main\org\apache\zookeeper\server\quorum\QuorumStats.java",2,5,3.165420335,3.854207985,3,1.732050808,8,7.5,1,1,0,4,4,4,4,1,3,1,43,33,0,0,0,0,0,0,4,0,0,0,0,0,0,0,0,0,0,0,1,0,0,0,0,0,0,0,4,0
"java\main\org\apache\zookeeper\server\quorum\QuorumZooKeeperServer.java",1,1,3.75,4.330018304,3,0,3,9,23,1,0,3,3,71,3,2,1,9,32,21,1,2,1,3,2,1,1,68,2,1,3,7,1,0.25952381,0.028169014,0,0,0,5,1,1,15,9,8,38,6,248,0
"java\main\org\apache\zookeeper\server\quorum\ReadOnlyBean.java",1,1,2.521640636,2.251629167,2,0,2,3,3,0,0,2,2,25,2,0,2,1,8,5,1,0,1,1,1,0,1,23,1,1,0,0,1,0.430555556,0.04,0,0,0,1,0,0,2,2,1,4,0,53,0
"java\main\org\apache\zookeeper\server\quorum\ReadOnlyRequestProcessor.java",5.25,17,4.110577243,5.339764323,2,6.79613861,21,15.75,9,5,0,4,4,8,4,0,4,6,72,42,3,0,3,0,0,0,4,4,0,3,0,0,1,0.2,0,0,0,0,9,3,3,18,3,8,18,15,18,0
"java\main\org\apache\zookeeper\server\quorum\ReadOnlyZooKeeperServer.java",1.727272727,3,4.214997303,5.491152504,5,0.749655568,19,7.272727273,24,1,0,11,11,76,11,5,6,12,91,57,2,0,2,7,7,0,5,65,6,2,0,0,1,0.435576421,0.157894737,2,2,0,15,0,0,49,12,23,121,37,261,0
"java\main\org\apache\zookeeper\server\quorum\RemotePeerBean.java",1,1,3.240223929,3.22109725,4,0,4,3,1,1,0,4,4,4,4,0,4,1,15,10,0,0,0,0,0,0,4,0,0,0,0,0,0,0,0,0,0,0,1,1,1,0,0,0,0,0,4,0
"java\main\org\apache\zookeeper\server\quorum\SendAckRequestProcessor.java",2.75,5,3.892407119,4.506623722,2,1.785357107,11,9.25,2,2,0,4,4,4,4,0,4,6,41,24,0,0,0,0,0,0,4,0,0,0,0,0,0,0,0,0,0,0,4,2,2,6,0,2,16,6,5,0
"java\main\org\apache\zookeeper\server\quorum\ServerBean.java",1,1,2.947702779,2.321928095,2,0,2,3,1,1,0,2,2,2,2,0,2,0,9,6,0,1,0,1,0,1,2,0,0,0,1,1,0,0,0,0,0,0,0,1,1,0,0,0,0,0,2,0
"java\main\org\apache\zookeeper\server\quorum\StateSummary.java",1.166666667,2,3.4548224,2.855135291,5,0.372677996,7,3.833333333,2,2,0,6,6,6,6,0,6,4,29,19,0,0,0,0,0,0,6,0,0,0,0,0,0,0,0,0,0,0,0,0,0,0,0,0,0,0,6,0
"java\main\org\apache\zookeeper\server\quorum\Vote.java",1.214285714,4,4.267371594,3.826726067,13,0.77261813,17,7.285714286,7,7,0,14,14,14,14,0,14,21,113,68,0,0,0,0,0,0,14,0,0,0,0,0,0,0,0,0,0,0,1,2,2,0,0,0,0,0,14,0
"java\test\org\apache\zookeeper\server\quorum\WatchLeakTest.java",1.333333333,2,5.221350683,6.783460577,4,0.471404521,8,18,3,3,0,6,6,6,6,5,1,0,153,116,0,0,0,0,0,0,6,0,0,0,0,0,0,0,0,0,0,0,16,1,1,53,0,21,101,53,198,0
"java\test\org\apache\zookeeper\server\quorum\Zab1_0Test.java",2.071428571,6,6.465928485,7.090656723,18,1.579524599,58,34.67857143,3,3,2,26,28,28,28,9,19,24,1136,871,0,0,0,0,0,0,28,0,0,0,0,0,0,0,0,0,0,0,38,2,2,280,0,115,815,280,238,0
"java\test\org\apache\zookeeper\server\quorum\auth\KerberosSecurityTestcase.java",1.1,2,4.349199939,4.773571347,9,0.3,11,4.1,9,3,10,0,10,20,10,0,10,1,48,33,2,1,2,0,0,0,10,10,0,2,3,3,1,0.202020202,0,0,0,0,1,3,3,7,0,4,50,7,85,0
"java\test\org\apache\zookeeper\server\quorum\auth\KerberosTestUtils.java",1.222222222,2,3.689286976,3.632581717,7,0.41573971,11,4.222222222,1,1,9,0,9,9,9,0,9,4,42,25,0,0,0,0,0,0,9,0,0,0,0,0,0,0,0,0,0,0,1,1,1,0,0,0,0,0,9,0
"java\test\org\apache\zookeeper\server\quorum\auth\MiniKdc.java",2.666666667,7,5.128190095,7.288704132,7,2.022100118,40,19.93333333,22,22,2,13,15,15,15,4,11,10,346,275,0,0,0,0,0,0,15,0,0,0,0,0,0,0,0,0,0,0,0,21,7,0,0,0,0,0,15,0
"java\test\org\apache\zookeeper\server\quorum\auth\MiniKdcTest.java",1.666666667,2,4.57110539,5.277168117,1,0.471404521,5,19.66666667,10,1,0,3,3,23,3,0,3,0,117,76,3,0,3,0,0,0,3,20,0,3,0,0,1,0.1875,0,0,0,0,2,0,0,22,5,14,60,17,93,0
"java\main\org\apache\zookeeper\server\quorum\auth\NullQuorumAuthLearner.java",1,1,3,2.321928095,1,0,1,3,0,0,0,1,1,1,1,0,1,2,6,3,0,0,0,0,0,0,1,0,0,0,0,0,0,0,0,0,0,0,0,0,0,0,0,0,0,0,1,0
"java\main\org\apache\zookeeper\server\quorum\auth\NullQuorumAuthServer.java",1,1,3,2.321928095,1,0,1,3,0,0,0,1,1,1,1,0,1,2,6,3,0,0,0,0,0,0,1,0,0,0,0,0,0,0,0,0,0,0,0,0,0,0,0,0,0,0,1,0
"java\main\org\apache\zookeeper\server\quorum\auth\QuorumAuth.java",1,1,4.437697091,3.923251797,2,0,2,6.5,14,14,2,0,2,2,2,0,2,3,53,37,0,0,0,0,0,0,2,0,0,0,0,0,0,0,0,0,0,0,2,13,2,5,0,3,6,5,5,0
"java\test\org\apache\zookeeper\server\quorum\auth\QuorumAuthTestBase.java",2.9,8,4.525589035,5.62511252,1,1.972308292,29,14.6,6,3,2,8,10,12,10,6,4,28,151,101,1,2,1,0,0,0,10,2,0,1,3,6,1,0.151515152,0,0,0,0,4,3,3,40,0,21,167,40,64,0
"java\test\org\apache\zookeeper\server\quorum\auth\QuorumAuthUpgradeTest.java",1,1,3.965583936,4.909090381,8,0,8,12.875,7,1,1,7,8,18,8,1,7,4,122,82,2,0,2,0,0,0,8,10,0,2,0,0,1,0.197530864,0,0,0,0,9,1,1,126,39,41,443,87,145,0
"java\test\org\apache\zookeeper\server\quorum\auth\QuorumDigestAuthTest.java",2.076923077,3,4.431093122,5.927169741,4,0.828486893,27,18.07692308,8,2,1,12,13,23,13,3,10,5,263,172,2,0,2,0,0,0,13,10,0,2,0,0,1,0.206349206,0,0,0,0,15,2,2,155,33,56,566,122,363,0
"java\test\org\apache\zookeeper\server\quorum\auth\QuorumKerberosAuthTest.java",1.75,2,4.407438058,5.255633669,1,0.433012702,7,9.25,12,3,1,3,4,24,4,0,4,0,70,38,3,0,3,0,0,0,4,20,0,3,0,0,1,0.2,0,0,0,0,9,3,2,30,7,15,108,23,167,0
"java\test\org\apache\zookeeper\server\quorum\auth\QuorumKerberosHostBasedAuthTest.java",1.833333333,3,4.374895167,5.849120793,2,0.687184271,11,19.5,13,4,3,3,6,26,6,1,5,4,131,79,3,0,3,0,0,0,6,20,0,3,0,0,1,0.214285714,0,0,0,0,10,4,2,78,15,35,303,63,169,0
"java\main\org\apache\zookeeper\server\quorum\auth\SaslQuorumAuthLearner.java",4,10,4.859641,6.002439093,1,2.943920289,24,27.5,4,4,0,6,6,6,6,4,2,16,173,89,0,0,0,0,0,0,6,0,0,0,0,0,0,0,0,0,0,0,7,3,3,36,0,14,239,36,27,0
"java\main\org\apache\zookeeper\server\quorum\auth\SaslQuorumAuthServer.java",5,13,4.601409766,5.834344881,1,4.69041576,20,29.25,4,4,0,4,4,4,4,2,2,13,125,71,0,0,0,0,0,0,4,0,0,0,0,0,0,0,0,0,0,0,7,2,2,31,0,10,239,31,18,0
"java\main\org\apache\zookeeper\server\quorum\auth\SaslQuorumServerCallbackHandler.java",3.5,6,4.711768796,5.806163079,1,1.892969449,21,12.83333333,5,5,0,6,6,6,6,4,2,8,84,63,0,0,0,0,0,0,6,0,0,0,0,0,0,0,0,0,0,0,0,5,4,0,0,0,0,0,6,0
"java\main\org\apache\zookeeper\server\quorum\flexible\QuorumHierarchical.java",3.125,7,4.283990726,5.437199149,4,2.260392665,25,15.125,5,5,0,8,8,8,8,3,5,11,128,98,0,0,0,0,0,0,8,0,0,0,0,0,0,0,0,0,0,0,1,4,2,6,0,2,4,6,9,0
"java\main\org\apache\zookeeper\server\quorum\flexible\QuorumMaj.java",1,1,3.702819531,3.238901257,3,0,3,3,2,2,0,3,3,3,3,0,3,3,13,9,0,0,0,0,0,0,3,0,0,0,0,0,0,0,0,0,0,0,0,1,1,0,0,0,0,0,3,0
"java\main\org\apache\zookeeper\server\upgrade\DataNodeV1.java",1.571428571,3,4.266977197,5.117779511,5,0.903507903,11,8.571428571,5,5,0,7,7,7,7,0,7,10,67,54,0,0,0,0,0,0,7,0,0,0,0,0,0,0,0,0,0,0,3,4,4,0,0,0,0,0,7,0
"java\main\org\apache\zookeeper\server\upgrade\DataTreeV1.java",2.833333333,11,5.875217523,6.713132415,9,2.339278141,68,15.20833333,9,9,2,22,24,24,24,0,24,44,400,294,0,0,0,0,0,0,24,0,0,0,0,0,0,0,0,0,0,0,14,6,5,50,0,20,172,50,35,0
"java\main\org\apache\zookeeper\server\upgrade\UpgradeMain.java",3.4,5,4.437082261,5.071484931,1,1.356465997,17,17.6,12,12,1,4,5,5,5,1,4,8,103,79,0,0,0,0,0,0,5,0,0,0,0,0,0,0,0,0,0,0,3,10,3,11,0,5,41,11,60,0
"java\main\org\apache\zookeeper\server\upgrade\UpgradeSnapShotV1.java",2.833333333,10,5.096033691,6.613176227,5,2.511086529,34,15.58333333,5,5,0,12,12,12,12,8,4,16,195,130,0,0,0,0,0,0,12,0,0,0,0,0,0,0,0,0,0,0,13,5,4,71,0,23,364,71,50,0
"java\main\org\apache\zookeeper\server\util\KerberosUtil.java",2,2,1.584962501,4.103294435,0,0,2,19,0,0,1,0,1,1,1,0,1,0,21,13,0,0,0,0,0,0,1,0,0,0,0,0,0,0,0,0,0,0,0,0,0,0,0,0,0,0,1,0
"java\main\org\apache\zookeeper\server\util\OSMXBean.java",3.8,6,4.226474118,5.578150597,1,1.939071943,19,17.4,5,5,0,5,5,5,5,1,4,4,98,61,0,0,0,0,0,0,5,0,0,0,0,0,0,0,0,0,0,0,0,2,2,0,0,0,0,0,5,0
"java\test\org\apache\zookeeper\server\util\PortForwarder.java",7,17,5.072511289,4.69297146,1,7.118052168,21,28.33333333,5,5,0,3,3,3,3,0,3,9,155,89,1,0,1,0,0,0,3,0,0,1,0,0,1,0.125,0,0,0,0,1,3,3,10,0,2,10,10,4,0
"java\main\org\apache\zookeeper\server\util\Profiler.java",2,2,3.541446071,3.840402547,0,0,2,10,1,1,1,0,1,1,1,0,1,3,16,11,0,0,0,0,0,0,1,0,0,0,0,0,0,0,0,0,0,0,1,1,1,0,0,0,0,0,1,0
"java\main\org\apache\zookeeper\server\util\SerializeUtils.java",5.666666667,12,4.106603137,5.858562202,0,4.496912521,17,27,1,1,3,0,3,3,3,0,3,9,84,58,0,0,0,0,0,0,3,0,0,0,0,0,0,0,0,0,0,0,7,1,1,12,0,4,50,12,40,0
"java\main\org\apache\zookeeper\server\util\ZxidUtils.java",1,1,3.027169118,2.939829017,4,0,4,3,0,0,4,0,4,4,4,0,4,5,14,9,0,0,0,0,0,0,4,0,0,0,0,0,0,0,0,0,0,0,0,0,0,0,0,0,0,0,4,0
"java\test\org\apache\zookeeper\test\ACLCountTest.java",3,3,4.321928095,5.807162447,0,0,6,26.5,6,3,0,2,2,4,2,0,2,3,60,42,1,0,1,0,0,0,2,2,0,1,0,0,1,0.111111111,0,0,0,0,11,3,3,43,0,18,115,43,118,0
"java\test\org\apache\zookeeper\test\ACLRootTest.java",5,5,3.121928095,3.998101818,0,0,5,56,16,1,0,1,1,36,1,0,1,4,60,41,2,0,2,0,0,0,1,35,0,2,0,0,1,0.111111111,0,0,0,0,5,1,1,90,5,29,371,85,173,0
"java\test\org\apache\zookeeper\test\ACLTest.java",2.666666667,4,4.262692391,5.756415686,1,1.247219129,8,37.66666667,6,3,0,3,3,5,3,0,3,1,121,95,1,0,1,0,0,0,3,2,0,1,0,0,1,0.125,0,0,0,0,11,3,3,117,0,48,328,117,130,0
"java\test\org\apache\zookeeper\test\AsyncHammerTest.java",1.5,3,5.689270131,4.824920349,6,0.866025404,12,9.25,6,3,0,8,8,10,8,1,7,13,172,124,1,0,1,0,0,0,8,2,0,1,0,0,1,0.148148148,0,0,0,0,4,2,2,26,1,13,219,25,276,0
"java\test\org\apache\zookeeper\test\AsyncOps.java",0,0,5.813386032,0,0,0,0,0,0,0,0,0,0,0,0,0,0,0,464,338,0,0,0,0,0,0,0,0,0,0,0,0,0,0,0,0,0,0,0,0,0,0,0,0,0,0,0,0
"java\test\org\apache\zookeeper\test\AsyncOpsTest.java",1,1,4.277088906,5.461019243,32,0,32,3.53125,17,2,0,32,32,65,32,0,32,0,151,84,2,1,2,3,2,1,30,33,2,2,1,1,1,0.234101382,0.061538462,0,0,0,9,2,2,120,4,76,312,116,284,0
"java\test\org\apache\zookeeper\test\AsyncTest.java",1.333333333,3,5.359536433,5.459287114,7,0.666666667,12,10,6,3,0,9,9,11,9,2,7,14,111,69,1,0,1,0,0,0,9,2,0,1,0,0,1,0.15,0,0,0,0,9,3,3,65,0,20,153,65,278,0
"java\test\org\apache\zookeeper\test\AtomicFileOutputStreamTest.java",1.1,2,4.017407858,4.937036329,9,0.3,11,8.4,7,4,0,10,10,12,10,1,9,1,99,73,1,0,1,0,0,0,10,2,0,1,0,0,1,0.151515152,0,0,0,0,2,4,2,38,0,19,131,38,23,0
"java\test\org\apache\zookeeper\test\AuthTest.java",2.4,4,4.503055907,4.491949053,2,1.2,12,19,16,1,0,5,5,39,5,1,4,6,119,71,2,0,2,1,1,0,4,34,1,2,0,0,1,0.520634921,0.051282051,0,0,0,7,1,1,108,12,40,334,96,179,0
"java\test\org\apache\zookeeper\test\BufferSizeTest.java",1.333333333,3,4.419344836,5.228482104,7,0.666666667,12,7,18,3,0,9,9,44,9,2,7,6,80,47,2,0,2,0,0,0,9,35,0,2,0,0,1,0.2,0,0,0,0,6,2,2,19,5,8,93,14,173,0
"java\test\org\apache\zookeeper\test\ChrootAsyncTest.java",1,1,3.121928095,3.936180434,1,0,1,13,18,1,0,1,1,65,1,0,1,0,17,11,3,0,3,2,2,0,0,64,1,3,0,0,1,0.005128205,0.046153846,0,0,0,3,1,1,11,4,5,54,7,286,0
"java\test\org\apache\zookeeper\test\ChrootClientTest.java",1,1,3.39274741,4.211260736,2,0,2,8,17,1,0,2,2,49,2,0,2,0,21,13,3,0,3,2,2,0,0,47,2,3,0,0,1,0.180272109,0.12244898,0,0,0,3,1,1,11,4,5,61,7,218,0
"java\test\org\apache\zookeeper\test\ChrootTest.java",6,6,4.499163442,4.765191475,0,0,6,63,15,0,0,1,1,36,1,0,1,1,85,61,2,0,2,0,0,0,1,35,0,2,0,0,1,0.111111111,0,0,0,0,6,0,0,94,6,37,381,88,176,0
"java\test\org\apache\zookeeper\test\ClientBase.java",2.514285714,8,6.268954992,7.122398716,17,1.887877547,88,11.4,15,12,21,14,35,37,35,13,22,49,478,324,1,2,1,32,0,32,35,2,0,1,38,43,1,0.162037037,0,6,0,6,16,7,5,79,0,38,299,79,159,0
"java\test\org\apache\zookeeper\test\ClientHammerTest.java",4.25,10,5.064360485,5.169864678,1,3.418698583,17,27.5,17,2,0,4,4,39,4,0,4,7,180,129,2,0,2,0,0,0,4,35,0,2,0,0,1,0.177777778,0,0,0,0,7,1,1,44,6,14,116,38,173,0
"java\test\org\apache\zookeeper\test\ClientPortBindTest.java",4.5,7,3.875,5.72581557,0,2.5,9,31,5,2,0,2,2,4,2,0,2,2,68,44,1,0,1,0,0,0,2,2,0,1,0,0,1,0.111111111,0,0,0,0,7,2,2,34,0,16,87,34,90,0
"java\test\org\apache\zookeeper\test\ClientRetry.java",1,1,3.321928095,4.552698876,2,0,2,13.5,15,0,0,2,2,36,2,0,2,0,31,22,2,0,2,1,1,0,1,34,1,2,0,0,1,0.120634921,0.055555556,0,0,0,3,0,0,25,1,14,98,24,163,0
"java\test\org\apache\zookeeper\test\ClientTest.java",4.125,13,5.373254429,6.093863506,4,3.7562448,66,32.9375,16,1,0,16,16,51,16,2,14,20,577,444,2,1,2,1,0,1,16,35,0,2,1,1,1,0.209150327,0,0,0,0,21,1,1,520,26,174,2260,494,217,0
"java\test\org\apache\zookeeper\test\ConnectStringParserTest.java",1,1,3.373557262,3.833060204,5,0,5,5.8,3,0,0,5,5,7,5,1,4,2,35,23,1,0,1,0,0,0,5,2,0,1,0,0,1,0.138888889,0,0,0,0,1,0,0,15,0,11,122,15,11,0
"java\test\org\apache\zookeeper\test\CreateModeTest.java",2,3,2.646439345,4.00093005,1,0.816496581,6,12.66666667,3,0,0,3,3,5,3,0,3,2,43,32,1,0,1,0,0,0,3,2,0,1,0,0,1,0.125,0,0,0,0,3,0,0,21,0,18,78,21,10,0
"java\test\org\apache\zookeeper\test\DisconnectableZooKeeper.java",1,1,3.350209029,4.257319115,4,0,4,4.75,4,0,0,4,4,55,4,0,4,8,21,11,1,0,1,0,0,0,4,51,0,1,0,0,1,0.133333333,0,0,0,0,2,0,0,11,10,3,10,1,147,0
"java\test\org\apache\zookeeper\test\DisconnectedWatcherTest.java",3.25,10,4.578638721,5.139050467,3,3.897114317,13,35.75,17,2,0,4,4,39,4,0,4,0,165,130,2,0,2,0,0,0,4,35,0,2,0,0,1,0.177777778,0,0,0,0,7,1,1,179,23,70,783,156,176,0
"java\test\org\apache\zookeeper\test\EventTypeTest.java",2,2,2.251629167,3.488525295,0,0,4,6.5,3,0,0,2,2,4,2,0,2,1,17,10,1,0,1,0,0,0,2,2,0,1,0,0,1,0.111111111,0,0,0,0,1,0,0,5,0,3,34,5,6,0
"java\test\org\apache\zookeeper\test\FLENewEpochTest.java",3,6,5.37427494,5.112263502,1,2.160246899,9,17,13,10,0,3,3,5,3,0,3,0,121,101,1,0,1,0,0,0,3,2,0,1,0,0,1,0.125,0,0,0,0,6,7,5,25,2,12,107,23,142,0
"java\test\org\apache\zookeeper\test\FLEPredicateTest.java",3,3,4.593400349,4.516484423,0,0,3,21,5,2,0,1,1,3,1,0,1,1,34,24,1,0,1,0,0,0,1,2,0,1,0,0,1,0.083333333,0,0,0,0,5,2,2,40,0,10,34,40,26,0
"java\test\org\apache\zookeeper\test\FLERestartTest.java",2.75,5,5.48663834,5.220560346,1,1.479019946,11,12.5,16,13,0,4,4,6,4,0,4,2,127,106,1,0,1,0,0,0,4,2,0,1,0,0,1,0.133333333,0,0,0,0,9,8,7,19,2,10,71,17,143,0
"java\test\org\apache\zookeeper\test\FLETest.java",4.5,8,5.651270145,5.662616347,1,2.62995564,27,27.66666667,18,15,0,6,6,8,6,0,6,2,335,273,1,0,1,0,0,0,6,2,0,1,0,0,1,0.142857143,0,0,0,0,11,9,8,85,2,52,254,83,179,0
"java\test\org\apache\zookeeper\test\FLEZeroWeightTest.java",3,6,5.374788881,5.195962804,1,2.160246899,9,19.33333333,15,12,0,3,3,5,3,0,3,0,110,86,1,0,1,0,0,0,3,2,0,1,0,0,1,0.125,0,0,0,0,10,7,7,34,2,12,96,32,189,0
"java\test\org\apache\zookeeper\test\FollowerResyncConcurrencyTest.java",4.222222222,11,5.263759133,6.471886838,4,3.965904066,38,42.44444444,7,4,3,6,9,11,9,4,5,8,407,289,1,0,1,0,0,0,9,2,0,1,0,0,1,0.15,0,0,0,0,18,1,1,345,0,162,1309,345,308,0
"java\test\org\apache\zookeeper\test\FollowerTest.java",4.666666667,7,3.78418372,5.663014127,0,1.699673171,14,33,7,4,0,3,3,5,3,0,3,1,108,76,1,0,1,0,0,0,3,2,0,1,0,0,1,0.125,0,0,0,0,16,1,1,103,0,48,348,103,300,0
"java\test\org\apache\zookeeper\test\FourLetterWordsQuorumTest.java",2.5,3,3.690116518,3.411678787,0,0.5,5,32.5,38,1,0,2,2,45,2,1,1,3,70,60,3,0,3,0,0,0,2,43,0,3,0,0,1,0.166666667,0,0,0,0,4,1,1,18,7,7,45,11,323,0
"java\test\org\apache\zookeeper\test\FourLetterWordsTest.java",1.222222222,2,4.202034576,5.193196813,7,0.41573971,11,16,17,2,0,9,9,44,9,4,5,6,155,132,2,0,2,0,0,0,9,35,0,2,0,0,1,0.2,0,0,0,0,5,2,2,42,13,19,171,29,172,0
"java\test\org\apache\zookeeper\test\FourLetterWordsWhiteListTest.java",1,1,4.245469029,4.703860289,13,0,13,12.46153846,17,2,0,13,13,48,13,7,6,8,174,147,2,0,2,0,0,0,13,35,0,2,0,0,1,0.206349206,0,0,0,0,6,2,2,51,22,30,193,29,177,0
"java\test\org\apache\zookeeper\test\GetChildren2Test.java",1.5,3,3.378783493,4.921302333,3,0.866025404,6,20,16,1,0,4,4,37,4,0,4,0,87,72,2,0,2,2,2,0,2,33,2,2,0,0,1,0.167195767,0.108108108,0,0,0,4,1,1,42,3,13,164,39,170,0
"java\test\org\apache\zookeeper\test\HierarchicalQuorumTest.java",3,14,5.52491951,6.305337119,6,4.082482905,27,22,38,23,0,9,9,40,9,4,5,4,218,175,2,1,2,7,4,3,5,31,4,2,1,1,1,0.556613757,0.2,1,0,1,12,13,5,176,23,65,425,153,345,0
"java\test\org\apache\zookeeper\test\IntegrityCheck.java",2.538461538,6,5.058877359,5.899259842,3,1.499506822,33,10.92307692,8,8,1,12,13,13,13,0,13,20,152,110,0,0,0,0,0,0,13,0,0,0,0,0,0,0,0,0,0,0,9,4,4,27,0,7,72,27,83,0
"java\test\org\apache\zookeeper\test\InvalidSnapshotTest.java",1.2,2,4.558051077,5.291065549,4,0.4,6,9.6,7,4,0,5,5,7,5,0,5,1,60,40,1,0,1,0,0,0,5,2,0,1,0,0,1,0.138888889,0,0,0,0,11,4,4,43,0,18,139,43,171,0
"java\test\org\apache\zookeeper\test\JMXEnv.java",4.4,10,4.515938719,5.515889937,2,2.905167809,44,19.5,3,3,10,0,10,10,10,1,9,15,200,141,0,0,0,0,0,0,10,0,0,0,0,0,0,0,0,0,0,0,2,3,3,2,0,2,4,2,12,0
"java\test\org\apache\zookeeper\test\KeeperStateTest.java",2,2,2.732158891,4.177566232,0,0,8,7.25,3,0,0,4,4,6,4,0,4,1,36,20,1,0,1,0,0,0,4,2,0,1,0,0,1,0.133333333,0,0,0,0,3,0,0,5,0,3,46,5,8,0
"java\test\org\apache\zookeeper\test\LENonTerminateTest.java",2,3,6.644943224,5.900843548,1,0.816496581,6,22.33333333,10,7,0,3,3,5,3,0,3,0,233,165,1,0,1,0,0,0,3,2,0,1,0,0,1,0.125,0,0,0,0,8,5,4,47,1,14,110,46,160,0
"java\test\org\apache\zookeeper\test\LETest.java",9,9,4.768929872,4.643177173,0,0,9,45,8,5,0,1,1,3,1,0,1,0,99,80,1,0,1,0,0,0,1,2,0,1,0,0,1,0.083333333,0,0,0,0,7,3,3,22,0,11,67,22,132,0
"java\test\org\apache\zookeeper\test\LoadFromLogTest.java",2.888888889,6,4.818392497,6.76828057,2,1.5234788,26,33.55555556,10,7,0,9,9,11,9,2,7,9,316,237,1,0,1,0,0,0,9,2,0,1,0,0,1,0.15,0,0,0,0,22,2,2,282,0,115,887,282,222,0
"java\test\org\apache\zookeeper\test\MaxCnxnsTest.java",2.5,4,5.377725817,3.939672816,1,1.5,5,10.5,19,4,0,2,2,36,2,0,2,0,73,56,2,0,2,1,1,0,1,34,1,2,0,0,1,0.120634921,0.055555556,0,0,0,1,2,2,3,1,2,15,2,162,0
"java\test\org\apache\zookeeper\test\MultiTransactionTest.java",2.285714286,7,5.52693809,6.417440312,14,1.729102634,64,20.03571429,19,4,1,27,28,62,28,5,23,23,608,350,2,0,2,1,1,0,27,34,1,2,0,0,1,0.223809524,0.032258065,0,0,0,20,3,2,427,3,161,832,424,241,0
"java\test\org\apache\zookeeper\test\NioNettySuiteBase.java",1,1,2.321928095,3.084962501,2,0,2,3.5,0,0,2,0,2,2,2,0,2,0,11,5,0,1,0,0,0,0,2,0,0,0,2,2,0,0,0,0,0,0,2,0,0,0,0,0,0,0,2,0
"java\test\org\apache\zookeeper\test\NioNettySuiteHammerTest.java",0,0,1,0,0,0,0,0,0,0,0,0,0,2,0,0,0,0,2,1,1,0,1,0,0,0,0,2,0,1,0,0,1,0,0,0,0,0,0,0,0,0,0,0,0,0,2,0
"java\test\org\apache\zookeeper\test\NioNettySuiteTest.java",0,0,1,0,0,0,0,0,0,0,0,0,0,2,0,0,0,0,2,1,1,0,1,0,0,0,0,2,0,1,0,0,1,0,0,0,0,0,0,0,0,0,0,0,0,0,2,0
"java\test\org\apache\zookeeper\test\NonRecoverableErrorTest.java",3.5,7,3.852168724,5.848771824,1,2.179449472,14,24.5,6,1,0,4,4,7,4,3,1,4,102,80,2,0,2,0,0,0,4,3,0,2,0,0,1,0.177777778,0,0,0,0,12,1,1,65,0,33,278,65,136,0
"java\test\org\apache\zookeeper\test\NullDataTest.java",1.25,2,4.32385619,4.913655134,3,0.433012702,5,7,17,2,0,4,4,37,4,0,4,4,35,24,2,0,2,2,2,0,2,33,2,2,0,0,1,0.167195767,0.108108108,0,0,0,4,2,2,18,3,7,80,15,172,0
"java\test\org\apache\zookeeper\test\OOMTest.java",2.666666667,7,3.826874882,5.32622822,1,1.972026594,16,17,3,0,0,6,6,8,6,4,2,6,105,76,1,0,1,0,0,0,6,2,0,1,0,0,1,0.142857143,0,0,0,0,9,0,0,66,0,25,175,66,136,0
"java\test\org\apache\zookeeper\test\OSMXBeanTest.java",1.75,2,3.88418372,3.710018468,1,0.433012702,7,6.5,4,4,0,4,4,4,4,0,4,0,36,23,0,0,0,0,0,0,4,0,0,0,0,0,0,0,0,0,0,0,1,4,3,8,0,6,66,8,9,0
"java\test\org\apache\zookeeper\test\ObserverHierarchicalQuorumTest.java",1,1,3.906890596,3.238901257,3,0,3,3,39,1,0,3,3,39,3,1,2,1,13,8,3,0,3,3,3,0,0,36,3,3,0,0,1,0.358974359,0.230769231,0,0,0,3,1,1,9,2,3,138,7,347,0
"java\test\org\apache\zookeeper\test\ObserverLETest.java",1.666666667,3,3.572469459,4.77055865,2,0.942809042,5,9.666666667,5,2,0,3,3,5,3,0,3,0,36,21,1,0,1,0,0,0,3,2,0,1,0,0,1,0.125,0,0,0,0,6,2,2,22,0,10,148,22,219,0
"java\test\org\apache\zookeeper\test\ObserverQuorumHammerTest.java",1,1,3.418295834,2.896291529,2,0,2,4,8,1,0,2,2,5,2,0,2,0,14,8,2,0,2,2,2,0,0,3,2,2,0,0,1,0.466666667,0.8,0,0,0,4,0,0,4,0,3,33,4,281,0
"java\test\org\apache\zookeeper\test\ObserverTest.java",1.25,2,4.180832987,5.466311168,3,0.433012702,5,30.25,9,4,0,4,4,6,4,0,4,2,131,83,2,0,2,1,1,0,3,2,1,2,0,0,1,0.277777778,0.333333333,0,0,0,10,4,4,135,0,61,437,135,137,0
"java\test\org\apache\zookeeper\test\QuorumBase.java",2.666666667,9,5.537349368,6.167779934,7,2.592724864,32,20.16666667,37,22,1,11,12,43,12,3,9,6,261,198,2,1,2,4,4,0,8,31,4,2,2,2,1,0.568959436,0.186046512,1,1,0,9,12,4,140,21,70,459,119,317,0
"java\test\org\apache\zookeeper\test\QuorumHammerTest.java",1,1,4.24385619,3.18418372,3,0,3,4,7,4,0,3,3,5,3,0,3,0,21,14,1,1,1,2,0,2,3,2,0,1,1,1,1,0.125,0,0,0,0,4,3,3,6,0,5,35,6,282,0
"java\test\org\apache\zookeeper\test\QuorumQuotaTest.java",3,3,3.121928095,4.484527919,0,0,3,25,38,1,0,1,1,44,1,0,1,0,30,25,3,0,3,0,0,0,1,43,0,3,0,0,1,0.125,0,0,0,0,6,1,1,45,1,14,194,44,332,0
"java\test\org\apache\zookeeper\test\QuorumTest.java",2.071428571,8,4.94656512,6.215186367,11,2.186461124,29,12.35714286,9,6,0,14,14,16,14,0,14,2,204,144,1,0,1,0,0,0,14,2,0,1,0,0,1,0.155555556,0,0,0,0,16,3,3,138,0,55,633,138,323,0
"java\test\org\apache\zookeeper\test\QuorumUtil.java",2.75,10,5.082069113,5.52686963,6,2.553592241,33,12.83333333,10,10,0,12,12,12,12,0,12,12,172,146,0,0,0,0,0,0,12,0,0,0,0,0,0,0,0,0,0,0,9,4,3,86,0,27,279,86,210,0
"java\test\org\apache\zookeeper\test\QuorumZxidSyncTest.java",1.833333333,3,3.827909782,4.928170998,3,0.897527468,11,19.33333333,4,1,0,6,6,8,6,2,4,2,123,102,1,0,1,0,0,0,6,2,0,1,0,0,1,0.142857143,0,0,0,0,7,1,1,178,0,64,754,178,270,0
"java\test\org\apache\zookeeper\test\ReadOnlyModeTest.java",2,4,3.790118291,6.151157194,3,1.069044968,14,22.85714286,5,2,0,7,7,9,7,0,7,3,172,119,1,0,1,0,0,0,7,2,0,1,0,0,1,0.145833333,0,0,0,0,14,1,1,172,0,69,631,172,302,0
"java\test\org\apache\zookeeper\test\RecoveryTest.java",6,10,4.221928095,5.561209329,0,4,12,59,6,3,0,2,2,4,2,0,2,1,125,100,1,0,1,0,0,0,2,2,0,1,0,0,1,0.111111111,0,0,0,0,10,3,3,119,0,41,278,119,127,0
"java\test\org\apache\zookeeper\test\RepeatStartupTest.java",1,1,2.321928095,5.007927633,1,0,1,29,3,0,0,1,1,3,1,0,1,0,32,24,1,0,1,0,0,0,1,2,0,1,0,0,1,0.083333333,0,0,0,0,10,0,0,49,0,20,220,49,279,0
"java\test\org\apache\zookeeper\test\RestoreCommittedLogTest.java",1.5,2,4.037401198,5.278573094,1,0.5,3,16.5,6,3,0,2,2,4,2,0,2,1,39,31,1,0,1,0,0,0,2,2,0,1,0,0,1,0.111111111,0,0,0,0,10,2,2,44,0,18,126,44,204,0
"java\test\org\apache\zookeeper\test\SaslAuthDesignatedClientTest.java",2,2,4.221441945,4.80296705,0,0,4,15.5,18,3,0,2,2,37,2,0,2,2,63,27,2,0,2,0,0,0,2,35,0,2,0,0,1,0.148148148,0,0,0,0,6,3,2,21,2,12,103,19,172,0
"java\test\org\apache\zookeeper\test\SaslAuthDesignatedServerTest.java",2,2,4.967481796,4.515319531,0,0,2,14,18,3,0,1,1,36,1,0,1,1,50,31,2,0,2,0,0,0,1,35,0,2,0,0,1,0.111111111,0,0,0,0,7,2,2,9,2,3,46,7,164,0
"java\test\org\apache\zookeeper\test\SaslAuthFailDesignatedClientTest.java",3,3,4.828397089,4.4548224,0,0,3,17,19,4,0,1,1,36,1,0,1,1,60,26,2,0,2,0,0,0,1,35,0,2,0,0,1,0.111111111,0,0,0,0,7,4,3,12,0,4,48,12,164,0
"java\test\org\apache\zookeeper\test\SaslAuthFailNotifyTest.java",1,1,4.935371986,4.026986833,2,0,2,7,19,4,0,2,2,36,2,1,1,1,56,27,2,0,2,1,1,0,1,34,1,2,0,0,1,0.453968254,0.055555556,0,0,0,3,4,3,6,4,3,22,2,161,0
"java\test\org\apache\zookeeper\test\SaslAuthFailTest.java",2,2,3.981076012,3.88418372,0,0,2,11,18,3,0,1,1,36,1,0,1,1,37,17,2,0,2,0,0,0,1,35,0,2,0,0,1,0.111111111,0,0,0,0,3,3,2,8,1,3,46,7,164,0
"java\test\org\apache\zookeeper\test\SaslAuthMissingClientConfigTest.java",2,2,4.828397089,3.98418372,0,0,2,12,19,4,0,1,1,36,1,0,1,1,50,23,2,0,2,0,0,0,1,35,0,2,0,0,1,0.111111111,0,0,0,0,5,4,3,8,1,3,46,7,164,0
"java\test\org\apache\zookeeper\test\SaslAuthTest.java",1.75,3,5.012188404,4.903637316,2,0.829156198,7,13,19,4,0,4,4,38,4,1,3,2,92,54,2,0,2,1,1,0,3,34,1,2,0,0,1,0.50952381,0.052631579,0,0,0,6,4,3,23,6,8,104,17,167,0
"java\test\org\apache\zookeeper\test\SaslClientTest.java",2,3,3.321928095,3.871653522,1,0.816496581,6,6.666666667,4,1,0,3,3,5,3,0,3,0,26,18,1,0,1,0,0,0,3,2,0,1,0,0,1,0.125,0,0,0,0,1,1,1,3,0,3,6,3,6,0
"java\test\org\apache\zookeeper\test\SessionInvalidationTest.java",4,4,2.321928095,5.530625293,0,0,4,43,15,0,0,1,1,36,1,0,1,0,46,39,2,0,2,0,0,0,1,35,0,2,0,0,1,0.111111111,0,0,0,0,5,0,0,17,1,7,30,16,163,0
"java\test\org\apache\zookeeper\test\SessionTest.java",2.166666667,5,5.482539123,6.282602919,5,1.280190958,26,19.58333333,10,7,0,12,12,14,12,4,8,7,285,206,1,0,1,0,0,0,12,2,0,1,0,0,1,0.153846154,0,0,0,0,17,6,6,163,0,74,526,163,157,0
"java\test\org\apache\zookeeper\test\SledgeHammer.java",3.25,9,3.921928095,5.483513158,2,3.34477204,13,16,3,3,1,3,4,4,4,0,4,8,69,50,1,0,1,0,0,0,4,0,0,1,0,0,1,0.133333333,0,0,0,0,6,1,1,25,0,7,69,25,86,0
"java\test\org\apache\zookeeper\test\StandaloneTest.java",1,1,3.277613437,3.913799565,1,0,1,16,6,1,0,1,1,4,1,0,1,0,21,11,2,0,2,0,0,0,1,3,0,2,0,0,1,0.111111111,0,0,0,0,3,1,1,15,0,8,47,15,51,0
"java\test\org\apache\zookeeper\test\StatTest.java",1.142857143,2,3.721928095,4.47554967,6,0.349927106,8,18.57142857,16,1,0,7,7,40,7,1,6,0,139,112,2,0,2,2,2,0,5,33,2,2,0,0,1,0.204232804,0.1,0,0,0,4,1,1,64,3,18,237,61,175,0
"java\test\org\apache\zookeeper\test\StaticHostProviderTest.java",1.666666667,3,4.138502179,4.735061618,4,0.666666667,15,9.111111111,4,1,0,9,9,11,9,3,6,4,91,66,1,0,1,0,0,0,9,2,0,1,0,0,1,0.15,0,0,0,0,2,1,1,4,0,2,38,4,12,0
"java\test\org\apache\zookeeper\test\SyncCallTest.java",2.4,8,4.244034835,5.123818145,4,2.8,12,9.2,18,3,0,5,5,40,5,0,5,17,58,47,2,0,2,0,0,0,5,35,0,2,0,0,1,0.185185185,0,0,0,0,4,3,3,27,1,6,71,26,172,0
"java\test\org\apache\zookeeper\test\TestHammer.java",2.5,4,3.418295834,4.765275097,1,1.5,5,11.5,1,1,1,1,2,2,2,0,2,6,26,19,0,0,0,0,0,0,2,0,0,0,0,0,0,0,0,0,0,0,3,0,0,14,0,3,43,14,65,0
"java\test\org\apache\zookeeper\test\TruncateTest.java",3,8,5.19856294,6.407319822,3,2.645751311,18,24,10,7,0,6,6,8,6,1,5,7,161,135,1,0,1,0,0,0,6,2,0,1,0,0,1,0.142857143,0,0,0,0,21,4,2,149,0,55,449,149,281,0
"java\test\org\apache\zookeeper\test\UpgradeTest.java",2.5,3,4.48385619,5.671240314,0,0.5,5,19.5,7,4,0,2,2,4,2,0,2,1,47,34,1,0,1,0,0,0,2,2,0,1,0,0,1,0.111111111,0,0,0,0,11,4,4,51,0,19,142,51,166,0
"java\test\org\apache\zookeeper\test\WatchEventWhenAutoReset.java",1.333333333,3,5.261013627,4.883070918,5,0.745355992,8,18.16666667,2,2,0,6,6,6,6,2,4,7,142,107,1,0,1,0,0,0,6,0,0,1,0,0,1,0.142857143,0,0,0,0,9,1,1,192,0,64,1054,192,278,0
"java\test\org\apache\zookeeper\test\WatchedEventTest.java",2.25,3,2.521928095,4.481930232,1,0.829156198,9,10.75,3,0,0,4,4,6,4,0,4,1,49,38,1,0,1,0,0,0,4,2,0,1,0,0,1,0.133333333,0,0,0,0,3,0,0,23,0,15,38,23,16,0
"java\test\org\apache\zookeeper\test\WatcherFuncTest.java",2.1,3,5.38597134,5.295283463,4,0.943398113,21,31.2,22,7,0,10,10,43,10,2,8,12,364,297,2,0,2,2,2,0,8,33,2,2,0,0,1,0.216578483,0.093023256,1,1,0,8,7,4,505,2,179,2145,503,187,0
"java\test\org\apache\zookeeper\test\WatcherTest.java",3.3,13,5.37120489,6.154241951,5,3.606937759,33,24.5,19,4,0,10,10,44,10,2,8,5,281,216,2,0,2,1,1,0,9,34,1,2,0,0,1,0.20952381,0.045454545,0,0,0,18,1,1,249,36,105,1069,213,195,0
"java\test\org\apache\zookeeper\test\ZkDatabaseCorruptionTest.java",4.8,18,4.99339153,5.643879588,3,6.64529909,24,16.8,6,3,0,5,5,7,5,2,3,3,98,92,1,0,1,0,0,0,5,2,0,1,0,0,1,0.138888889,0,0,0,0,12,2,2,71,0,29,326,71,246,0
"java\test\org\apache\zookeeper\test\ZooKeeperQuotaTest.java",1,1,3.121928095,5.158455114,1,0,1,32,16,1,0,1,1,36,1,0,1,0,37,27,2,0,2,0,0,0,1,35,0,2,0,0,1,0.111111111,0,0,0,0,10,1,1,60,7,23,256,53,185,0
"java\test\org\apache\zookeeper\test\ZooKeeperTestClient.java",7.555555556,29,4.586585164,5.793123322,1,8.26116902,68,36.55555556,7,4,1,8,9,11,9,6,3,24,335,229,1,0,1,0,0,0,9,2,0,1,0,0,1,0.15,0,0,0,0,8,4,2,205,0,86,622,205,102,0
"java\systest\org\apache\zookeeper\test\system\BaseSysTest.java",2.041666667,4,5.704525045,5.797575731,7,0.934485896,49,7.708333333,22,22,1,23,24,24,24,10,14,28,223,168,1,1,1,0,0,0,24,0,0,1,1,1,1,0.16,0,0,0,0,6,12,7,40,0,11,173,40,260,0
"java\systest\org\apache\zookeeper\test\system\DuplicateNameException.java",1,1,2.251629167,1.5,1,0,1,3,1,1,0,1,1,1,1,0,1,1,6,4,1,0,1,0,0,0,1,0,0,1,0,0,1,0.083333333,0,0,0,0,0,0,0,0,0,0,0,0,1,0
"java\systest\org\apache\zookeeper\test\system\GenerateLoad.java",5.285714286,21,6.881080084,6.399881761,1,6.474439539,37,25.42857143,11,11,7,0,7,7,7,3,4,12,576,400,0,0,0,0,0,0,7,0,0,0,0,0,0,0,0,0,0,0,12,6,5,31,0,9,127,31,93,0
"java\systest\org\apache\zookeeper\test\system\InstanceContainer.java",4.875,15,5.779903196,6.390867069,1,4.196352583,39,20.25,11,11,1,7,8,8,8,3,5,24,231,175,0,0,0,0,0,0,8,0,0,0,0,0,0,0,0,0,0,0,16,9,4,53,0,17,91,53,90,0
"java\systest\org\apache\zookeeper\test\system\InstanceManager.java",5.384615385,15,5.21224407,6.130279398,1,3.498097539,70,20,12,12,0,13,13,13,13,3,10,42,292,223,0,0,0,0,0,0,13,0,0,0,0,0,0,0,0,0,0,0,13,11,5,72,0,20,313,72,72,0
"java\systest\org\apache\zookeeper\test\system\NoAssignmentException.java",0,0,1.584962501,0,0,0,0,0,1,1,0,0,0,0,0,0,0,0,3,2,1,0,1,0,0,0,0,0,0,1,0,0,1,0,0,0,0,0,0,0,0,0,0,0,0,0,0,0
"java\systest\org\apache\zookeeper\test\system\NoAvailableContainers.java",1,1,2.251629167,1.5,1,0,1,3,1,1,0,1,1,1,1,0,1,1,6,4,1,0,1,0,0,0,1,0,0,1,0,0,1,0.083333333,0,0,0,0,0,0,0,0,0,0,0,0,1,0
"java\systest\org\apache\zookeeper\test\system\QuorumPeerInstance.java",3.8,21,5.392371495,6.287617347,6,5.878775383,38,17.4,14,14,5,5,10,10,10,1,9,21,190,146,0,0,0,0,0,0,10,0,0,0,0,0,0,0,0,0,0,0,8,9,6,49,0,12,321,49,219,0
"java\systest\org\apache\zookeeper\test\system\SimpleClient.java",2.111111111,4,4.847097109,5.246439259,3,0.99380799,19,7.333333333,8,8,0,9,9,9,9,0,9,18,77,51,0,0,0,0,0,0,9,0,0,0,0,0,0,0,0,0,0,0,5,3,2,49,0,11,82,49,60,0
"java\systest\org\apache\zookeeper\test\system\SimpleSysTest.java",8,19,4.297079328,5.309840129,0,7.788880964,24,32.66666667,25,3,0,3,3,19,3,1,2,7,104,90,2,0,2,0,0,0,3,16,0,2,0,0,1,0.166666667,0,0,0,0,9,1,1,69,28,31,194,41,270,0
"contrib\fatjar\src\java\org\apache\zookeeper\util\FatJarMain.java",6,9,3.704084573,5.212363398,0,3,12,28,2,2,2,0,2,2,2,1,1,2,70,52,0,0,0,0,0,0,2,0,0,0,0,0,0,0,0,0,0,0,1,2,2,4,0,1,4,4,3,0
"java\main\org\apache\zookeeper\util\SecurityUtils.java",3.6,8,3.44385619,6.134189826,1,2.576819745,18,32.8,1,1,5,0,5,5,5,2,3,22,167,92,0,0,0,0,0,0,5,0,0,0,0,0,0,0,0,0,0,0,2,1,1,11,0,7,53,11,11,0
"java\main\org\apache\zookeeper\version\util\VerGen.java",4.5,9,3.935698781,5.037129103,1,2.958039892,18,28.75,2,2,4,0,4,4,4,0,4,9,125,91,0,0,0,0,0,0,4,0,0,0,0,0,0,0,0,0,0,0,1,2,1,0,0,0,0,0,4,0
