/flume-ng-sinks/flume-hdfs-sink/src/test/java/org/apache/flume/sink/hdfs/TestUseRawLocalFileSystem.java,2013/7/16,2014/4/29
/flume-ng-sinks/flume-hdfs-sink/src/test/java/org/apache/flume/sink/hdfs/TestUseRawLocalFileSystem.java,2013/1/15,2014/4/29
/flume-ng-sinks/flume-hdfs-sink/src/test/java/org/apache/flume/sink/hdfs/TestBucketWriter.java,2013/3/19,2014/4/29
/flume-ng-sinks/flume-hdfs-sink/src/test/java/org/apache/flume/sink/hdfs/TestBucketWriter.java,2012/10/26,2014/4/29
/flume-ng-sinks/flume-hdfs-sink/src/test/java/org/apache/flume/sink/hdfs/TestBucketWriter.java,2012/9/25,2014/4/29
/flume-ng-sinks/flume-hdfs-sink/src/test/java/org/apache/flume/sink/hdfs/TestBucketWriter.java,2013/12/23,2014/4/29
/flume-ng-sinks/flume-hdfs-sink/src/test/java/org/apache/flume/sink/hdfs/TestBucketWriter.java,2012/11/19,2014/4/29
/flume-ng-sinks/flume-hdfs-sink/src/test/java/org/apache/flume/sink/hdfs/TestBucketWriter.java,2012/12/18,2014/4/29
/flume-ng-sinks/flume-hdfs-sink/src/test/java/org/apache/flume/sink/hdfs/TestBucketWriter.java,2012/12/18,2014/4/29
/flume-ng-sinks/flume-hdfs-sink/src/test/java/org/apache/flume/sink/hdfs/TestBucketWriter.java,2012/5/21,2014/4/29
/flume-ng-sinks/flume-hdfs-sink/src/test/java/org/apache/flume/sink/hdfs/TestBucketWriter.java,2013/2/28,2014/4/29
/flume-ng-sinks/flume-hdfs-sink/src/test/java/org/apache/flume/sink/hdfs/MockFsDataOutputStreamCloseRetryWrapper.java,2013/7/16,2014/4/29
/flume-ng-sinks/flume-hdfs-sink/src/test/java/org/apache/flume/sink/hdfs/MockFileSystemCloseRetryWrapper.java,2013/7/16,2014/4/29
/flume-ng-sinks/flume-hdfs-sink/src/main/java/org/apache/flume/sink/hdfs/HDFSSequenceFile.java,2013/7/16,2014/4/29
/flume-ng-sinks/flume-hdfs-sink/src/main/java/org/apache/flume/sink/hdfs/HDFSEventSink.java,2013/12/23,2014/4/29
/flume-ng-sinks/flume-hdfs-sink/src/main/java/org/apache/flume/sink/hdfs/HDFSDataStream.java,2013/7/16,2014/4/29
/flume-ng-sinks/flume-hdfs-sink/src/main/java/org/apache/flume/sink/hdfs/HDFSDataStream.java,2012/12/18,2014/4/29
/flume-ng-sinks/flume-hdfs-sink/src/main/java/org/apache/flume/sink/hdfs/HDFSDataStream.java,2011/10/4,2014/4/29
/flume-ng-sinks/flume-hdfs-sink/src/main/java/org/apache/flume/sink/hdfs/HDFSCompressedDataStream.java,2013/7/16,2014/4/29
/flume-ng-sinks/flume-hdfs-sink/src/main/java/org/apache/flume/sink/hdfs/BucketWriter.java,2013/3/8,2014/4/29
/flume-ng-sinks/flume-hdfs-sink/src/main/java/org/apache/flume/sink/hdfs/BucketWriter.java,2014/2/18,2014/4/29
/flume-ng-sinks/flume-hdfs-sink/src/main/java/org/apache/flume/sink/hdfs/BucketWriter.java,2012/5/21,2014/4/29
/flume-ng-sinks/flume-hdfs-sink/src/main/java/org/apache/flume/sink/hdfs/BucketWriter.java,2013/5/14,2014/4/29
/flume-ng-sinks/flume-hdfs-sink/src/main/java/org/apache/flume/sink/hdfs/BucketWriter.java,2012/12/18,2014/4/29
/flume-ng-sinks/flume-hdfs-sink/src/main/java/org/apache/flume/sink/hdfs/BucketWriter.java,2013/2/28,2014/4/29
/flume-ng-sinks/flume-hdfs-sink/src/main/java/org/apache/flume/sink/hdfs/BucketWriter.java,2012/6/7,2014/4/29
/flume-ng-sinks/flume-hdfs-sink/src/main/java/org/apache/flume/sink/hdfs/AbstractHDFSWriter.java,2013/7/16,2014/4/29
/flume-ng-sources/flume-scribe-source/src/main/java/org/apache/flume/source/scribe/ScribeSource.java,2012/8/15,2014/7/5
/flume-ng-sinks/flume-ng-elasticsearch-sink/src/test/java/org/apache/flume/sink/elasticsearch/TestElasticSearchLogStashEventSerializer.java,2012/10/26,2014/7/18
/flume-ng-sinks/flume-dataset-sink/src/test/java/org/apache/flume/sink/kite/TestDatasetSink.java,2014/1/18,2014/7/29
/flume-ng-core/src/test/java/org/apache/flume/source/TestSyslogUtils.java,2013/12/10,2014/8/15
/flume-ng-core/src/test/java/org/apache/flume/source/TestSyslogUtils.java,2012/4/27,2014/8/15
/flume-ng-core/src/test/java/org/apache/flume/source/TestSyslogUtils.java,2013/10/9,2014/8/15
/flume-ng-core/src/test/java/org/apache/flume/source/TestSyslogUdpSource.java,2014/2/7,2014/8/15
/flume-ng-core/src/test/java/org/apache/flume/source/TestSyslogUdpSource.java,2013/12/10,2014/8/15
/flume-ng-core/src/test/java/org/apache/flume/source/TestSyslogTcpSource.java,2013/10/21,2014/8/15
/flume-ng-core/src/test/java/org/apache/flume/source/TestSyslogParser.java,2013/12/10,2014/8/15
/flume-ng-core/src/test/java/org/apache/flume/source/TestMultiportSyslogTCPSource.java,2013/12/10,2014/8/15
/flume-ng-core/src/main/java/org/apache/flume/source/SyslogUtils.java,2013/10/9,2014/8/15
/flume-ng-core/src/main/java/org/apache/flume/source/SyslogUtils.java,2012/4/27,2014/8/15
/flume-ng-core/src/main/java/org/apache/flume/source/SyslogUtils.java,2013/12/10,2014/8/15
/flume-ng-core/src/main/java/org/apache/flume/source/SyslogUDPSource.java,2014/2/7,2014/8/15
/flume-ng-core/src/main/java/org/apache/flume/source/SyslogUDPSource.java,2013/12/10,2014/8/15
/flume-ng-core/src/main/java/org/apache/flume/source/SyslogUDPSource.java,2012/3/6,2014/8/15
/flume-ng-core/src/main/java/org/apache/flume/source/SyslogTcpSource.java,2013/12/10,2014/8/15
/flume-ng-core/src/main/java/org/apache/flume/source/SyslogTcpSource.java,2013/10/9,2014/8/15
/flume-ng-core/src/main/java/org/apache/flume/source/SyslogSourceConfigurationConstants.java,2013/10/9,2014/8/15
/flume-ng-core/src/main/java/org/apache/flume/source/SyslogParser.java,2012/9/14,2014/8/15
/flume-ng-core/src/main/java/org/apache/flume/source/SyslogParser.java,2013/12/10,2014/8/15
/flume-ng-core/src/main/java/org/apache/flume/source/MultiportSyslogTCPSource.java,2013/12/10,2014/8/15
/flume-ng-channels/flume-file-channel/src/main/java/org/apache/flume/channel/file/FlumeEventQueue.java,2013/12/13,2014/8/30
/flume-ng-channels/flume-file-channel/src/test/java/org/apache/flume/channel/file/encryption/TestFileChannelEncryption.java,2012/9/7,2014/10/2
/flume-ng-sources/flume-kafka-source/src/test/java/org/apache/flume/source/kafka/TestKafkaSource.java,2016/8/31,2019/2/7
/flume-ng-sources/flume-kafka-source/src/main/java/org/apache/flume/source/kafka/KafkaSource.java,2016/8/31,2019/2/7
/flume-ng-channels/flume-kafka-channel/src/main/java/org/apache/flume/channel/kafka/KafkaChannel.java,2016/8/25,2019/2/7
/flume-ng-sinks/flume-hdfs-sink/src/test/java/org/apache/flume/sink/hdfs/TestHDFSEventSinkOnMiniCluster.java,2013/3/1,2013/3/9
/flume-ng-sinks/flume-hdfs-sink/src/main/java/org/apache/flume/sink/hdfs/BucketWriter.java,2013/2/28,2013/3/9
/flume-ng-sinks/flume-hdfs-sink/src/main/java/org/apache/flume/sink/hdfs/BucketWriter.java,2013/3/1,2013/3/9
/flume-ng-channels/flume-file-channel/src/main/java/org/apache/flume/channel/file/FlumeEventQueue.java,2012/8/21,2013/3/14
/flume-ng-core/src/test/java/org/apache/flume/source/TestExecSource.java,2013/3/11,2013/3/15
/flume-ng-sources/flume-scribe-source/src/main/java/org/apache/flume/source/scribe/ScribeSource.java,2012/8/15,2013/3/15
/flume-ng-sinks/flume-hdfs-sink/src/main/java/org/apache/flume/sink/hdfs/HDFSEventSink.java,2011/10/4,2013/3/20
/flume-ng-sinks/flume-hdfs-sink/src/main/java/org/apache/flume/sink/hdfs/BucketWriter.java,2012/12/18,2013/3/20
/flume-ng-sources/flume-scribe-source/src/main/java/org/apache/flume/source/scribe/ScribeSource.java,2012/8/15,2013/6/29
/flume-core/src/main/java/com/cloudera/flume/agent/durability/NaiveFileWALManager.java,2011/8/2,2011/8/20
/flume-core/src/test/java/com/cloudera/flume/collector/TestCollectorSink.java,2011/8/2,2011/8/25
/flume-core/src/test/java/com/cloudera/flume/collector/TestCollectorSink.java,2011/8/2,2011/8/25
/flume-core/src/main/java/com/cloudera/flume/handlers/hdfs/EscapedCustomDfsSink.java,2011/8/2,2011/8/25
/flume-core/src/main/java/com/cloudera/flume/handlers/hdfs/EscapedCustomDfsSink.java,2011/8/2,2011/8/25
/flume-core/src/main/java/com/cloudera/flume/handlers/hdfs/CustomDfsSink.java,2011/8/2,2011/8/25
/flume-core/src/main/java/com/cloudera/flume/handlers/hdfs/CustomDfsSink.java,2011/8/2,2011/8/25
/flume-core/src/main/java/com/cloudera/flume/conf/FlumeBuilder.java,2011/8/2,2011/8/25
/flume-core/src/main/java/com/cloudera/flume/collector/CollectorSink.java,2011/8/2,2011/8/25
/flume-core/src/main/java/com/cloudera/flume/handlers/rolling/RollSink.java,2011/8/2,2011/10/1
/flume-core/src/main/java/com/cloudera/flume/handlers/rolling/RollSink.java,2011/8/2,2011/10/1
/flume-ng-core/src/test/java/org/apache/flume/channel/TestMemoryChannelTransaction.java,2011/10/12,2011/10/21
/flume-ng-core/src/main/java/org/apache/flume/channel/MemoryChannel.java,2011/10/11,2011/10/21
/flume-ng-core/src/main/java/org/apache/flume/channel/MemoryChannel.java,2011/10/17,2011/10/21
/flume-ng-sdk/src/test/java/org/apache/flume/api/TestFailoverRpcClient.java,2012/3/29,2012/6/5
/flume-ng-sdk/src/main/java/org/apache/flume/api/RpcClientFactory.java,2012/3/29,2012/6/5
/flume-ng-sdk/src/main/java/org/apache/flume/api/NettyAvroRpcClient.java,2012/3/29,2012/6/5
/flume-ng-sdk/src/main/java/org/apache/flume/api/NettyAvroRpcClient.java,2012/3/13,2012/6/5
/flume-ng-sdk/src/main/java/org/apache/flume/api/FailoverRpcClient.java,2012/6/3,2012/6/5
/flume-ng-sdk/src/main/java/org/apache/flume/api/FailoverRpcClient.java,2012/3/29,2012/6/5
/flume-ng-sdk/src/main/java/org/apache/flume/api/AbstractRpcClient.java,2012/3/29,2012/6/5
/flume-ng-core/src/main/java/org/apache/flume/sink/AvroSink.java,2012/4/1,2012/6/5
/flume-ng-core/src/main/java/org/apache/flume/sink/AvroSink.java,2011/12/2,2012/6/5
/flume-ng-core/src/main/java/org/apache/flume/sink/AvroSink.java,2012/3/13,2012/6/5
/flume-ng-core/src/main/java/org/apache/flume/sink/AvroSink.java,2011/10/11,2012/6/5
/flume-ng-core/src/main/java/org/apache/flume/SinkRunner.java,2012/3/12,2012/6/5
/flume-ng-core/src/main/java/org/apache/flume/SinkRunner.java,2012/2/3,2012/6/5
/flume-ng-sinks/flume-hdfs-sink/src/test/java/org/apache/flume/sink/hdfs/TestHDFSEventSinkOnMiniCluster.java,2012/5/31,2012/6/22
/flume-ng-sinks/flume-hdfs-sink/src/main/java/org/apache/flume/sink/hdfs/HDFSCompressedDataStream.java,2012/5/31,2012/6/22
/flume-ng-sinks/flume-hdfs-sink/src/main/java/org/apache/flume/sink/hdfs/HDFSCompressedDataStream.java,2011/10/4,2012/6/22
/flume-ng-legacy-sources/flume-thrift-source/src/test/java/org/apache/flume/source/thriftLegacy/TestThriftLegacySource.java,2012/2/6,2012/7/11
/flume-ng-legacy-sources/flume-thrift-source/src/main/java/org/apache/flume/source/thriftLegacy/ThriftLegacySource.java,2012/2/6,2012/7/11
/flume-ng-sinks/flume-hdfs-sink/src/main/java/org/apache/flume/sink/hdfs/HDFSWriterFactory.java,2011/10/4,2011/12/8
/flume-ng-sinks/flume-ng-hbase-sink/src/test/java/org/apache/flume/sink/hbase/TestHBaseSink.java,2012/5/15,2014/3/3
/flume-ng-sinks/flume-ng-hbase-sink/src/test/java/org/apache/flume/sink/hbase/TestHBaseSink.java,2014/3/2,2014/3/3
/flume-ng-sinks/flume-ng-hbase-sink/src/test/java/org/apache/flume/sink/hbase/IncrementHBaseSerializer.java,2014/3/2,2014/3/3
/flume-ng-sinks/flume-ng-hbase-sink/src/main/java/org/apache/flume/sink/hbase/HBaseSink.java,2014/3/2,2014/3/3
/flume-ng-sinks/flume-ng-hbase-sink/src/main/java/org/apache/flume/sink/hbase/BatchAware.java,2014/3/2,2014/3/3
/flume-ng-core/src/main/java/org/apache/flume/instrumentation/kafka/KafkaSourceCounter.java,2015/1/16,2015/9/16
/flume-ng-tests/src/test/java/org/apache/flume/test/util/StagedInstall.java,2018/2/22,2018/11/27
/flume-ng-tests/src/test/java/org/apache/flume/test/agent/TestConfig.java,2018/6/19,2018/11/27
/flume-ng-tests/src/test/java/org/apache/flume/test/agent/TestConfig.java,2018/2/22,2018/11/27
/flume-log4j-appender/src/main/java/com/cloudera/flume/log4j/appender/FlumeLog4jAvroAppender.java,2011/8/2,2011/8/3
/flume-core/src/test/java/com/cloudera/flume/handlers/thrift/TestThriftEventAdaptor.java,2011/8/2,2011/8/3
/flume-core/src/test/java/com/cloudera/flume/handlers/thrift/TestThriftEventAdaptor.java,2011/8/2,2011/8/3
/flume-core/src/test/java/com/cloudera/flume/handlers/thrift/TestThriftEventAdaptor.java,2011/8/2,2011/8/3
/flume-core/src/main/java/com/cloudera/flume/handlers/thrift/ThriftFlumeEventServerImpl.java,2011/8/2,2011/8/3
/flume-core/src/main/java/com/cloudera/flume/handlers/thrift/ThriftEventSource.java,2011/8/2,2011/8/3
/flume-core/src/main/java/com/cloudera/flume/handlers/thrift/ThriftEventSource.java,2011/8/2,2011/8/3
/flume-core/src/main/java/com/cloudera/flume/handlers/thrift/ThriftEventSink.java,2011/8/2,2011/8/3
/flume-core/src/main/java/com/cloudera/flume/handlers/thrift/ThriftEventAdaptor.java,2011/8/2,2011/8/3
/flume-core/src/main/java/com/cloudera/flume/handlers/thrift/ThriftEventAdaptor.java,2011/8/2,2011/8/3
/flume-core/src/main/java/com/cloudera/flume/handlers/thrift/ThriftEventAdaptor.java,2011/8/2,2011/8/3
/flume-core/src/main/java/com/cloudera/flume/handlers/thrift/ThriftEventAdaptor.java,2011/8/2,2011/8/3
/flume-core/src/main/java/com/cloudera/flume/handlers/thrift/ThriftEventAdaptor.java,2011/8/2,2011/8/3
/flume-core/src/main/java/com/cloudera/flume/handlers/thrift/PrioritizedThriftEventSource.java,2011/8/2,2011/8/3
/flume-core/src/main/java/com/cloudera/flume/handlers/avro/AvroEventSource.java,2011/8/2,2011/8/3
/flume-core/src/main/java/com/cloudera/flume/handlers/avro/AvroEventSource.java,2011/8/2,2011/8/3
/flume-core/src/main/java/com/cloudera/flume/handlers/avro/AvroEventSink.java,2011/8/2,2011/8/3
/flume-core/src/main/java/com/cloudera/flume/handlers/avro/AvroEventAdaptor.java,2011/8/2,2011/8/3
/flume-core/src/main/java/com/cloudera/flume/handlers/avro/AvroEventAdaptor.java,2011/8/2,2011/8/3
/flume-core/src/main/java/com/cloudera/flume/handlers/debug/StubbornAppendSink.java,2011/8/2,2011/8/3
/flume-core/src/main/java/com/cloudera/flume/handlers/debug/InsistentOpenDecorator.java,2011/8/2,2011/8/3
/flume-core/src/main/java/com/cloudera/flume/handlers/debug/InsistentOpenDecorator.java,2011/8/2,2011/8/3
/flume-core/src/main/java/com/cloudera/flume/handlers/debug/InsistentAppendDecorator.java,2011/8/2,2011/8/3
/flume-core/src/main/java/com/cloudera/flume/handlers/rolling/RollSink.java,2011/8/2,2011/8/3
/flume-core/src/main/java/com/cloudera/flume/core/connector/DirectDriver.java,2011/8/2,2011/8/3
/flume-core/src/main/java/com/cloudera/flume/conf/FlumeConfiguration.java,2011/8/2,2011/8/10
/flume-core/src/test/java/com/cloudera/flume/core/extractors/TestExtractors.java,2011/8/2,2011/8/10
/flume-core/src/main/java/com/cloudera/flume/core/extractors/RegexAllExtractor.java,2011/8/2,2011/8/10
/flume-ng-channels/flume-file-channel/src/main/java/org/apache/flume/channel/file/Log.java,2012/6/28,2012/8/22
/flume-ng-channels/flume-file-channel/src/main/java/org/apache/flume/channel/file/Log.java,2012/8/21,2012/8/22
/flume-ng-channels/flume-file-channel/src/main/java/org/apache/flume/channel/file/Log.java,2012/8/13,2012/8/22
/flume-ng-channels/flume-file-channel/src/main/java/org/apache/flume/channel/file/Log.java,2012/5/5,2012/8/22
/flume-ng-channels/flume-file-channel/src/main/java/org/apache/flume/channel/file/Log.java,2012/6/26,2012/8/22
/flume-ng-channels/flume-file-channel/src/main/java/org/apache/flume/channel/file/Log.java,2012/7/19,2012/8/22
/flume-ng-channels/flume-file-channel/src/main/java/org/apache/flume/channel/file/Log.java,2012/6/26,2012/8/22
/flume-ng-channels/flume-file-channel/src/main/java/org/apache/flume/channel/file/Log.java,2012/6/21,2012/8/22
/flume-ng-channels/flume-file-channel/src/main/java/org/apache/flume/channel/file/FileChannel.java,2012/7/6,2012/8/22
/flume-ng-channels/flume-file-channel/src/main/java/org/apache/flume/channel/file/FileChannel.java,2012/6/26,2012/8/22
/flume-ng-channels/flume-file-channel/src/main/java/org/apache/flume/channel/file/FileChannel.java,2012/5/5,2012/8/22
/flume-ng-channels/flume-file-channel/src/main/java/org/apache/flume/channel/file/FileChannel.java,2012/8/21,2012/8/22
/flume-ng-core/src/test/java/org/apache/flume/sink/TestLoadBalancingSinkProcessor.java,2012/5/18,2012/9/6
/flume-ng-channels/flume-file-channel/src/main/java/org/apache/flume/channel/file/Log.java,2012/5/7,2012/8/6
/flume-ng-channels/flume-file-channel/src/main/java/org/apache/flume/channel/file/Log.java,2012/6/21,2012/8/6
/flume-ng-channels/flume-file-channel/src/main/java/org/apache/flume/channel/file/Log.java,2012/5/5,2012/8/6
/flume-ng-channels/flume-file-channel/src/main/java/org/apache/flume/channel/file/FlumeEventQueue.java,2012/5/5,2012/8/6
/flume-ng-core/src/main/java/org/apache/flume/sink/RollingFileSink.java,2011/9/7,2012/9/13
/flume-ng-core/src/main/java/org/apache/flume/sink/RollingFileSink.java,2011/11/30,2012/9/13
/flume-ng-core/src/main/java/org/apache/flume/sink/RollingFileSink.java,2012/4/16,2012/9/13
/flume-ng-core/src/main/java/org/apache/flume/sink/RollingFileSink.java,2011/9/21,2012/9/13
/flume-ng-core/src/main/java/org/apache/flume/sink/RollingFileSink.java,2011/9/5,2012/9/13
/src/javatest/com/cloudera/flume/reporter/TestHierarchicalReports.java,2011/8/2,2011/8/3
/src/javatest/com/cloudera/flume/reporter/TestHierarchicalReports.java,2011/8/2,2011/8/3
/src/javatest/com/cloudera/flume/handlers/rolling/TestRollRollTags.java,2011/8/2,2011/8/3
/src/javatest/com/cloudera/flume/collector/TestDiskFailoverThenRoll.java,2011/8/2,2011/8/3
/src/javatest/com/cloudera/flume/collector/TestCollectorSink.java,2011/8/2,2011/8/3
/src/javatest/com/cloudera/flume/collector/TestCollectorSink.java,2011/8/2,2011/8/3
/src/javatest/com/cloudera/flume/agent/durability/TestNaiveFileWALDeco.java,2011/8/2,2011/8/3
/src/javatest/com/cloudera/flume/agent/durability/TestNaiveFileWALDeco.java,2011/8/2,2011/8/3
/src/javatest/com/cloudera/flume/agent/durability/TestNaiveFileWALDeco.java,2011/8/2,2011/8/3
/src/javatest/com/cloudera/flume/agent/diskfailover/TestDiskFailoverDeco.java,2011/8/2,2011/8/3
/src/javatest/com/cloudera/flume/agent/diskfailover/TestDiskFailoverBenchmarking.java,2011/8/2,2011/8/3
/src/javatest/com/cloudera/flume/agent/diskfailover/TestConcurrentDFOMan.java,2011/8/2,2011/8/3
/src/javatest/com/cloudera/flume/agent/diskfailover/TestConcurrentDFOMan.java,2011/8/2,2011/8/3
/src/javatest/com/cloudera/flume/agent/TestWriteAheadLogDecorator.java,2011/8/2,2011/8/3
/src/javatest/com/cloudera/flume/agent/TestWriteAheadLogDecorator.java,2011/8/2,2011/8/3
/src/javatest/com/cloudera/flume/agent/TestAgentFailChainSink.java,2011/8/2,2011/8/3
/src/javatest/com/cloudera/flume/agent/TestAgentFailChainSink.java,2011/8/2,2011/8/3
/src/javatest/com/cloudera/flume/agent/TestAckedWALDecorator.java,2011/8/2,2011/8/3
/src/javatest/com/cloudera/flume/agent/TestAckedWALDecorator.java,2011/8/2,2011/8/3
/src/java/com/cloudera/flume/master/ConfigManager.java,2011/8/2,2011/8/3
/src/java/com/cloudera/flume/master/ConfigManager.java,2011/8/2,2011/8/3
/src/java/com/cloudera/flume/master/ConfigManager.java,2011/8/2,2011/8/3
/src/java/com/cloudera/flume/master/ConfigManager.java,2011/8/2,2011/8/3
/src/java/com/cloudera/flume/core/CompositeSink.java,2011/8/2,2011/8/3
/src/java/com/cloudera/flume/collector/CollectorSink.java,2011/8/2,2011/8/3
/src/java/com/cloudera/flume/collector/CollectorSink.java,2011/8/2,2011/8/3
/src/java/com/cloudera/flume/agent/durability/NaiveFileWALDeco.java,2011/8/2,2011/8/3
/src/java/com/cloudera/flume/agent/diskfailover/NaiveFileFailoverManager.java,2011/8/2,2011/8/3
/src/java/com/cloudera/flume/agent/diskfailover/NaiveFileFailoverManager.java,2011/8/2,2011/8/3
/src/java/com/cloudera/flume/agent/diskfailover/DiskFailoverManager.java,2011/8/2,2011/8/3
/src/java/com/cloudera/flume/agent/diskfailover/DiskFailoverDeco.java,2011/8/2,2011/8/3
/src/java/com/cloudera/flume/agent/AgentSink.java,2011/8/2,2011/8/3
/src/java/com/cloudera/flume/agent/AgentFailChainSink.java,2011/8/2,2011/8/3
/src/java/com/cloudera/flume/agent/AgentFailChainSink.java,2011/8/2,2011/8/3
/flume-core/src/test/java/com/cloudera/flume/handlers/avro/TestAvroSinks.java,2011/8/2,2011/8/17
/flume-core/src/main/java/com/cloudera/flume/handlers/avro/AvroEventSink.java,2011/8/2,2011/8/17
/flume-ng-core/src/main/java/org/apache/flume/sink/LoggerSink.java,2011/10/17,2011/12/6
/flume-ng-core/src/main/java/org/apache/flume/source/SyslogTcpSource.java,2012/3/6,2012/4/10
/flume-ng-core/src/main/java/org/apache/flume/source/SyslogUDPSource.java,2012/3/6,2012/4/11
/flume-ng-core/src/main/java/org/apache/flume/source/SyslogTcpSource.java,2012/4/7,2012/4/11
/flume-ng-core/src/main/java/org/apache/flume/source/SyslogTcpSource.java,2012/3/6,2012/4/11
/flume-ng-channels/flume-file-channel/src/main/java/org/apache/flume/channel/file/LogFile.java,2012/6/21,2012/6/26
/flume-ng-channels/flume-file-channel/src/main/java/org/apache/flume/channel/file/LogFile.java,2012/5/5,2012/6/26
/flume-ng-channels/flume-file-channel/src/main/java/org/apache/flume/channel/file/Log.java,2012/6/21,2012/6/26
/flume-ng-configuration/src/main/java/org/apache/flume/conf/FlumeConfiguration.java,2012/4/23,2012/4/28
/flume-ng-node/src/main/java/org/apache/flume/conf/file/AbstractFileConfigurationProvider.java,2011/9/30,2012/5/3
/flume-ng-channels/flume-recoverable-memory-channel/src/test/java/org/apache/flume/channel/recoverable/memory/wal/TestWAL.java,2012/4/1,2012/5/5
/flume-ng-channels/flume-recoverable-memory-channel/src/test/java/org/apache/flume/channel/recoverable/memory/wal/TestWAL.java,2012/4/1,2012/5/5
/flume-ng-node/src/main/java/org/apache/flume/conf/properties/PropertiesFileConfigurationProvider.java,2012/4/23,2012/5/6
/flume-ng-channels/flume-file-channel/src/test/java/org/apache/flume/channel/file/TestFileChannel.java,2012/5/5,2012/5/8
/flume-ng-channels/flume-file-channel/src/main/java/org/apache/flume/channel/file/Log.java,2012/5/5,2012/5/8
/flume-ng-core/src/main/java/org/apache/flume/serialization/ResettableFileInputStream.java,2012/12/19,2013/9/28
/flume-ng-sinks/flume-hdfs-sink/src/main/java/org/apache/flume/sink/hdfs/HDFSEventSink.java,2012/5/19,2012/5/31
/flume-ng-channels/flume-file-channel/src/main/java/org/apache/flume/channel/file/FileChannel.java,2012/6/21,2012/6/27
/flume-ng-channels/flume-file-channel/src/main/java/org/apache/flume/channel/file/FileChannel.java,2012/6/26,2012/6/27
/flume-ng-channels/flume-file-channel/src/main/java/org/apache/flume/channel/file/FileChannel.java,2012/5/5,2012/6/27
/flume-ng-core/src/main/java/org/apache/flume/channel/MemoryChannel.java,2012/10/5,2012/10/19
/flume-ng-channels/flume-file-channel/src/main/java/org/apache/flume/channel/file/Log.java,2012/9/12,2014/2/11
/flume-ng-channels/flume-file-channel/src/main/java/org/apache/flume/channel/file/Log.java,2012/9/24,2014/2/11
/flume-ng-channels/flume-file-channel/src/main/java/org/apache/flume/channel/file/Log.java,2012/5/5,2014/2/11
/flume-ng-channels/flume-file-channel/src/main/java/org/apache/flume/channel/file/Log.java,2012/9/21,2014/2/11
/flume-ng-channels/flume-file-channel/src/main/java/org/apache/flume/channel/file/Log.java,2012/8/21,2014/2/11
/flume-ng-channels/flume-file-channel/src/main/java/org/apache/flume/channel/file/Log.java,2012/9/7,2014/2/11
/flume-ng-channels/flume-file-channel/src/main/java/org/apache/flume/channel/file/Log.java,2012/8/31,2014/2/11
/flume-ng-channels/flume-file-channel/src/main/java/org/apache/flume/channel/file/Log.java,2012/12/18,2014/2/11
/flume-ng-channels/flume-file-channel/src/main/java/org/apache/flume/channel/file/Log.java,2012/12/10,2014/2/11
/flume-ng-channels/flume-file-channel/src/main/java/org/apache/flume/channel/file/Log.java,2012/6/28,2014/2/11
/flume-ng-channels/flume-file-channel/src/main/java/org/apache/flume/channel/file/Log.java,2012/6/21,2014/2/11
/flume-ng-channels/flume-file-channel/src/main/java/org/apache/flume/channel/file/Log.java,2013/4/5,2014/2/11
/flume-ng-channels/flume-file-channel/src/main/java/org/apache/flume/channel/file/FileChannelConfiguration.java,2012/6/28,2014/2/11
/flume-ng-channels/flume-file-channel/src/main/java/org/apache/flume/channel/file/FileChannelConfiguration.java,2012/6/26,2014/2/11
/flume-ng-channels/flume-file-channel/src/main/java/org/apache/flume/channel/file/FileChannelConfiguration.java,2012/6/21,2014/2/11
/flume-ng-channels/flume-file-channel/src/main/java/org/apache/flume/channel/file/FileChannel.java,2012/9/24,2014/2/11
/flume-ng-channels/flume-file-channel/src/main/java/org/apache/flume/channel/file/FileChannel.java,2012/8/21,2014/2/11
/flume-ng-channels/flume-file-channel/src/main/java/org/apache/flume/channel/file/FileChannel.java,2012/12/10,2014/2/11
/flume-ng-channels/flume-file-channel/src/main/java/org/apache/flume/channel/file/FileChannel.java,2012/5/5,2014/2/11
/flume-ng-channels/flume-file-channel/src/main/java/org/apache/flume/channel/file/FileChannel.java,2012/6/28,2014/2/11
/flume-ng-channels/flume-file-channel/src/main/java/org/apache/flume/channel/file/FileChannel.java,2012/6/21,2014/2/11
/flume-ng-sinks/flume-hdfs-sink/src/main/java/org/apache/flume/sink/hdfs/BucketWriter.java,2013/12/23,2014/2/19
/flume-ng-sinks/flume-ng-hbase-sink/src/main/java/org/apache/flume/sink/hbase/AsyncHBaseSink.java,2014/3/11,2015/1/22
/flume-ng-sinks/flume-ng-hbase-sink/src/main/java/org/apache/flume/sink/hbase/AsyncHBaseSink.java,2012/6/14,2015/1/22
/flume-ng-sinks/flume-ng-hbase-sink/src/main/java/org/apache/flume/sink/hbase/AsyncHBaseSink.java,2013/12/9,2015/1/22
/flume-ng-sinks/flume-ng-hbase-sink/src/main/java/org/apache/flume/sink/hbase/AsyncHBaseSink.java,2014/6/5,2015/1/22
/flume-ng-sinks/flume-hdfs-sink/src/test/java/org/apache/flume/sink/hdfs/TestHDFSCompressedDataStream.java,2012/6/22,2012/12/1
/flume-ng-sinks/flume-hdfs-sink/src/main/java/org/apache/flume/sink/hdfs/HDFSCompressedDataStream.java,2012/6/22,2012/12/1
/flume-ng-sinks/flume-hdfs-sink/src/main/java/org/apache/flume/sink/hdfs/HDFSCompressedDataStream.java,2011/10/4,2012/12/1
/flume-ng-core/src/main/java/org/apache/flume/source/NetcatSource.java,2011/9/5,2017/6/30
/flume-core/src/test/java/com/cloudera/flume/agent/TestLivenessManager.java,2011/8/2,2011/8/3
/flume-core/src/main/java/com/cloudera/flume/agent/LivenessManager.java,2011/8/2,2011/8/3
/flume-core/src/main/java/com/cloudera/flume/agent/LivenessManager.java,2011/8/2,2011/8/3
/flume-core/src/main/java/com/cloudera/flume/agent/LivenessManager.java,2011/8/2,2011/8/3
/flume-core/src/main/java/com/cloudera/flume/agent/LivenessManager.java,2011/8/2,2011/8/3
/src/javatest/com/cloudera/flume/master/logical/TestLogicalConfigManager.java,2011/8/2,2011/8/3
/src/javatest/com/cloudera/flume/master/TestZKClient.java,2011/8/2,2011/8/3
/src/javatest/com/cloudera/flume/master/TestZKClient.java,2011/8/2,2011/8/3
/src/javatest/com/cloudera/flume/master/TestStatusManager.java,2011/8/2,2011/8/3
/src/javatest/com/cloudera/flume/handlers/thrift/TestThriftSinks.java,2011/8/2,2011/8/3
/src/javatest/com/cloudera/flume/handlers/endtoend/TestAckChecksumDecos.java,2011/8/2,2011/8/3
/src/javatest/com/cloudera/flume/handlers/debug/TestBloomSetDecos.java,2011/8/2,2011/8/3
/src/javatest/com/cloudera/flume/handlers/avro/TestAvroDataFile.java,2011/8/2,2011/8/3
/src/javatest/com/cloudera/flume/core/connector/TestDirectDriver.java,2011/8/2,2011/8/3
/src/javatest/com/cloudera/flume/conf/TestFlumeConfiguration.java,2011/8/2,2011/8/3
/src/javatest/com/cloudera/flume/conf/TestFlumeBuilderFunctional.java,2011/8/2,2011/8/3
/src/javatest/com/cloudera/flume/agent/durability/TestNaiveFileWALDeco.java,2011/8/2,2011/8/3
/src/javatest/com/cloudera/flume/agent/durability/TestNaiveFileWALDeco.java,2011/8/2,2011/8/3
/src/javatest/com/cloudera/flume/agent/TestEndToEndAckFailureRecovery.java,2011/8/2,2011/8/3
/src/java/com/cloudera/util/consistenthash/ConsistentLists.java,2011/8/2,2011/8/3
/src/java/com/cloudera/util/ResultRetryable.java,2011/8/2,2011/8/3
/src/java/com/cloudera/util/ReservoirSampler.java,2011/8/2,2011/8/3
/src/java/com/cloudera/util/FixedRetryPolicy.java,2011/8/2,2011/8/3
/src/java/com/cloudera/util/Benchmark.java,2011/8/2,2011/8/3
/src/java/com/cloudera/flume/reporter/history/CountHistoryReporter.java,2011/8/2,2011/8/3
/src/java/com/cloudera/flume/reporter/history/CountHistoryReporter.java,2011/8/2,2011/8/3
/src/java/com/cloudera/flume/reporter/histogram/RegexGroupHistogramSink.java,2011/8/2,2011/8/3
/src/java/com/cloudera/flume/reporter/histogram/MultiGrepReporterSink.java,2011/8/2,2011/8/3
/src/java/com/cloudera/flume/reporter/histogram/MultiGrepReporterSink.java,2011/8/2,2011/8/3
/src/java/com/cloudera/flume/reporter/histogram/HistogramSink.java,2011/8/2,2011/8/3
/src/java/com/cloudera/flume/reporter/MasterReportPusher.java,2011/8/2,2011/8/3
/src/java/com/cloudera/flume/master/ZooKeeperConfigStore.java,2011/8/2,2011/8/3
/src/java/com/cloudera/flume/master/ZooKeeperConfigStore.java,2011/8/2,2011/8/3
/src/java/com/cloudera/flume/master/StatusManager.java,2011/8/2,2011/8/3
/src/java/com/cloudera/flume/master/SaveConfigCommand.java,2011/8/2,2011/8/3
/src/java/com/cloudera/flume/master/LoadConfigCommand.java,2011/8/2,2011/8/3
/src/java/com/cloudera/flume/master/CommandManager.java,2011/8/2,2011/8/3
/src/java/com/cloudera/flume/handlers/thrift/ThriftFlumeEventServerImpl.java,2011/8/2,2011/8/3
/src/java/com/cloudera/flume/handlers/thrift/ThriftEventSource.java,2011/8/2,2011/8/3
/src/java/com/cloudera/flume/handlers/thrift/PrioritizedThriftEventSource.java,2011/8/2,2011/8/3
/src/java/com/cloudera/flume/handlers/log4j/Log4JInjector.java,2011/8/2,2011/8/3
/src/java/com/cloudera/flume/handlers/irc/IrcSink.java,2011/8/2,2011/8/3
/src/java/com/cloudera/flume/handlers/hdfs/CustomDfsSink.java,2011/8/2,2011/8/3
/src/java/com/cloudera/flume/handlers/endtoend/AckChecksumChecker.java,2011/8/2,2011/8/3
/src/java/com/cloudera/flume/handlers/debug/InsistentAppendDecorator.java,2011/8/2,2011/8/3
/src/java/com/cloudera/flume/handlers/debug/InsistentAppendDecorator.java,2011/8/2,2011/8/3
/src/java/com/cloudera/flume/handlers/debug/BenchmarkInjectDecorator.java,2011/8/2,2011/8/3
/src/java/com/cloudera/flume/handlers/avro/AvroEventSource.java,2011/8/2,2011/8/3
/src/java/com/cloudera/flume/core/FailOverSink.java,2011/8/2,2011/8/3
/src/java/com/cloudera/flume/core/BackOffFailOverSink.java,2011/8/2,2011/8/3
/src/java/com/cloudera/flume/conf/SinkFactory.java,2011/8/2,2011/8/3
/flume-ng-channels/flume-file-channel/src/test/java/org/apache/flume/channel/file/encryption/TestJCEFileKeyProvider.java,2012/9/12,2012/9/14
/flume-ng-channels/flume-file-channel/src/test/java/org/apache/flume/channel/file/encryption/TestFileChannelEncryption.java,2012/9/7,2012/9/14
/flume-ng-channels/flume-file-channel/src/test/java/org/apache/flume/channel/file/encryption/TestFileChannelEncryption.java,2012/9/12,2012/9/14
/flume-ng-channels/flume-file-channel/src/test/java/org/apache/flume/channel/file/encryption/EncryptionTestUtils.java,2012/9/12,2012/9/14
/flume-ng-channels/flume-file-channel/src/main/java/org/apache/flume/channel/file/encryption/KeyProviderFactory.java,2012/9/12,2012/9/14
/flume-ng-channels/flume-file-channel/src/main/java/org/apache/flume/channel/file/encryption/EncryptionConfiguration.java,2012/9/7,2012/9/14
/flume-ng-channels/flume-file-channel/src/main/java/org/apache/flume/channel/file/encryption/EncryptionConfiguration.java,2012/9/12,2012/9/14
/flume-ng-channels/flume-file-channel/src/main/java/org/apache/flume/channel/file/FileChannel.java,2012/9/7,2012/9/14
/flume-ng-channels/flume-file-channel/src/main/java/org/apache/flume/channel/file/FileChannel.java,2012/9/12,2012/9/14
/flume-ng-channels/flume-file-channel/src/main/java/org/apache/flume/channel/file/EventQueueBackingStoreFile.java,2012/9/7,2012/9/14
/flume-ng-core/src/test/java/org/apache/flume/source/TestStressSource.java,2012/9/10,2012/9/19
/flume-ng-core/src/main/java/org/apache/flume/source/StressSource.java,2012/9/10,2012/9/19
/flume-ng-core/src/main/java/org/apache/flume/lifecycle/LifecycleSupervisor.java,2012/4/18,2012/4/20
/flume-ng-configuration/src/main/java/org/apache/flume/conf/source/SourceConfiguration.java,2012/4/23,2012/4/25
/flume-ng-configuration/src/main/java/org/apache/flume/conf/sink/SinkConfiguration.java,2012/4/23,2012/4/25
/flume-core/src/main/java/com/cloudera/flume/handlers/rolling/ProcessTagger.java,2011/8/2,2011/8/3
/flume-ng-core/src/main/java/org/apache/flume/interceptor/SearchAndReplaceInterceptor.java,2014/7/22,2015/8/7
/flume-ng-sdk/src/test/java/org/apache/flume/api/TestNettyAvroRpcClient.java,2012/3/29,2012/7/6
/flume-ng-sdk/src/test/java/org/apache/flume/api/TestNettyAvroRpcClient.java,2012/3/13,2012/7/6
/flume-ng-sdk/src/test/java/org/apache/flume/api/RpcTestUtils.java,2012/3/29,2012/7/6
/flume-ng-sdk/src/main/java/org/apache/flume/api/RpcClientFactory.java,2012/3/29,2012/7/6
/flume-ng-sdk/src/main/java/org/apache/flume/api/RpcClientConfigurationConstants.java,2012/6/5,2012/7/6
/flume-ng-sdk/src/main/java/org/apache/flume/api/NettyAvroRpcClient.java,2012/3/13,2012/7/6
/flume-ng-sdk/src/main/java/org/apache/flume/api/NettyAvroRpcClient.java,2012/6/28,2012/7/6
/flume-ng-sdk/src/main/java/org/apache/flume/api/NettyAvroRpcClient.java,2012/6/5,2012/7/6
/flume-ng-sdk/src/main/java/org/apache/flume/api/NettyAvroRpcClient.java,2012/3/29,2012/7/6
/flume-ng-core/src/test/java/org/apache/flume/sink/TestAvroSink.java,2011/12/2,2012/7/6
/flume-ng-core/src/test/java/org/apache/flume/sink/TestAvroSink.java,2012/3/13,2012/7/6
/flume-ng-core/src/test/java/org/apache/flume/sink/TestAvroSink.java,2011/10/20,2012/7/6
/flume-ng-core/src/test/java/org/apache/flume/sink/TestAvroSink.java,2011/10/11,2012/7/6
/flume-ng-core/src/main/java/org/apache/flume/sink/AvroSink.java,2012/6/5,2012/7/6
/flume-ng-core/src/main/java/org/apache/flume/sink/AvroSink.java,2012/3/29,2012/7/6
/flume-ng-core/src/main/java/org/apache/flume/sink/AvroSink.java,2012/6/28,2012/7/6
/flume-ng-core/src/main/java/org/apache/flume/sink/AvroSink.java,2012/3/13,2012/7/6
/flume-ng-core/src/main/java/org/apache/flume/sink/AvroSink.java,2011/10/11,2012/7/6
/flume-ng-node/src/main/java/org/apache/flume/node/nodemanager/DefaultLogicalNodeManager.java,2012/5/30,2012/7/6
/flume-ng-core/src/main/java/org/apache/flume/lifecycle/LifecycleSupervisor.java,2011/8/13,2012/7/6
/flume-ng-core/src/main/java/org/apache/flume/lifecycle/LifecycleSupervisor.java,2011/8/12,2012/7/6
/flume-core/src/main/java/com/cloudera/flume/collector/CollectorSink.java,2011/8/2,2011/12/16
/flume-core/src/main/java/com/cloudera/flume/collector/CollectorSink.java,2011/8/2,2011/12/16
/flume-ng-core/src/main/java/org/apache/flume/tools/VersionInfo.java,2012/6/29,2012/8/1
/flume-ng-core/src/main/java/org/apache/flume/client/avro/AvroCLIClient.java,2012/11/5,2012/11/30
/flume-ng-clients/flume-ng-log4jappender/src/test/java/org/apache/flume/clients/log4jappender/TestLog4jAppender.java,2012/2/21,2013/1/15
/flume-ng-clients/flume-ng-log4jappender/src/main/java/org/apache/flume/clients/log4jappender/Log4jAppender.java,2012/2/21,2013/1/15
/flume-ng-clients/flume-ng-log4jappender/src/main/java/org/apache/flume/clients/log4jappender/Log4jAppender.java,2012/3/13,2013/1/15
/flume-ng-core/src/main/java/org/apache/flume/interceptor/RegexFilteringInterceptor.java,2012/7/24,2017/7/26
/flume-ng-sdk/src/main/java/org/apache/flume/api/NettyAvroRpcClient.java,2012/6/28,2013/1/5
/flume-ng-core/src/main/java/org/apache/flume/sink/AbstractSinkProcessor.java,2012/5/18,2013/10/25
/flume-ng-node/src/test/java/org/apache/flume/node/TestAbstractConfigurationProvider.java,2012/11/30,2012/12/20
/flume-ng-node/src/main/java/org/apache/flume/node/AbstractConfigurationProvider.java,2012/11/30,2012/12/20
/flume-ng-channels/flume-file-channel/src/main/java/org/apache/flume/channel/file/proto/ProtosFactory.java,2013/6/12,2013/9/12
/flume-ng-channels/flume-file-channel/src/main/java/org/apache/flume/channel/file/proto/ProtosFactory.java,2013/4/5,2013/9/12
/flume-ng-channels/flume-file-channel/src/main/java/org/apache/flume/channel/file/proto/ProtosFactory.java,2012/9/11,2013/9/12
/flume-core/src/test/java/com/cloudera/flume/agent/diskfailover/TestDiskFailoverAgent.java,2011/8/2,2012/1/19
/flume-core/src/main/java/com/cloudera/flume/handlers/debug/DelayDecorator.java,2011/8/2,2012/1/19
/flume-core/src/main/java/com/cloudera/flume/agent/durability/NaiveFileWALDeco.java,2011/8/2,2012/1/19
/flume-core/src/main/java/com/cloudera/flume/agent/durability/NaiveFileWALDeco.java,2011/8/2,2012/1/19
/flume-ng-core/src/main/java/org/apache/flume/instrumentation/MonitoredCounterGroup.java,2012/10/31,2013/8/11
/flume-ng-core/src/main/java/org/apache/flume/instrumentation/MonitoredCounterGroup.java,2013/4/26,2013/8/11
/flume-ng-channels/flume-file-channel/src/test/java/org/apache/flume/channel/file/TestFlumeEventQueue.java,2012/6/21,2012/6/26
/flume-ng-channels/flume-file-channel/src/test/java/org/apache/flume/channel/file/TestFileChannel.java,2012/5/5,2012/6/26
/flume-ng-channels/flume-file-channel/src/test/java/org/apache/flume/channel/file/TestCheckpoint.java,2012/6/21,2012/6/26
/flume-ng-channels/flume-file-channel/src/main/java/org/apache/flume/channel/file/LogFile.java,2012/5/5,2012/6/26
/flume-ng-channels/flume-file-channel/src/main/java/org/apache/flume/channel/file/Log.java,2012/5/5,2012/6/26
/flume-ng-channels/flume-file-channel/src/main/java/org/apache/flume/channel/file/Log.java,2012/6/21,2012/6/26
/flume-ng-channels/flume-file-channel/src/main/java/org/apache/flume/channel/file/FlumeEventQueue.java,2012/5/5,2012/6/26
/flume-ng-channels/flume-file-channel/src/main/java/org/apache/flume/channel/file/FlumeEventQueue.java,2012/6/21,2012/6/26
/flume-ng-channels/flume-file-channel/src/main/java/org/apache/flume/channel/file/FileChannel.java,2012/5/5,2012/6/26
/flume-ng-core/src/main/java/org/apache/flume/instrumentation/MonitoredCounterGroup.java,2012/7/6,2012/11/1
/flume-ng-core/src/main/java/org/apache/flume/instrumentation/MonitoredCounterGroup.java,2012/7/6,2012/11/1
/flume-ng-core/src/test/java/org/apache/flume/source/TestSyslogUtils.java,2012/4/7,2012/11/11
/flume-ng-core/src/test/java/org/apache/flume/source/TestSyslogUtils.java,2012/4/27,2012/11/11
/flume-ng-core/src/main/java/org/apache/flume/source/SyslogUtils.java,2012/5/6,2012/11/11
/flume-ng-core/src/main/java/org/apache/flume/source/SyslogUtils.java,2012/3/6,2012/11/11
/flume-ng-core/src/main/java/org/apache/flume/source/SyslogUtils.java,2012/4/27,2012/11/11
/src/javatest/com/cloudera/flume/agent/TestFlumeNode.java,2011/8/2,2011/8/3
/src/java/com/cloudera/flume/handlers/text/FormatFactory.java,2011/8/2,2011/8/3
/src/java/com/cloudera/flume/handlers/text/FormatFactory.java,2011/8/2,2011/8/3
/src/java/com/cloudera/flume/handlers/avro/AvroDataFileOutputFormat.java,2011/8/2,2011/8/3
/flume-ng-sources/flume-taildir-source/src/test/java/org/apache/flume/source/taildir/TestTaildirEventReader.java,2015/8/17,2018/6/5
/flume-ng-sources/flume-taildir-source/src/main/java/org/apache/flume/source/taildir/ReliableTaildirEventReader.java,2015/8/17,2018/6/5
/flume-ng-sources/flume-jms-source/src/main/java/org/apache/flume/source/jms/JMSMessageConsumer.java,2012/12/14,2018/7/11
/src/javatest/com/cloudera/flume/collector/TestCollectorSink.java,2011/8/2,2011/8/3
/src/java/com/cloudera/flume/handlers/endtoend/AckChecksumChecker.java,2011/8/2,2011/8/3
/src/java/com/cloudera/flume/handlers/endtoend/AckChecksumChecker.java,2011/8/2,2011/8/3
/src/java/com/cloudera/flume/collector/CollectorSink.java,2011/8/2,2011/8/3
/src/java/com/cloudera/flume/collector/CollectorSink.java,2011/8/2,2011/8/3
/src/java/com/cloudera/flume/collector/CollectorSink.java,2011/8/2,2011/8/3
/src/javatest/com/cloudera/flume/shell/TestFlumeShell.java,2011/8/2,2011/8/3
/src/javatest/com/cloudera/flume/shell/TestFlumeShell.java,2011/8/2,2011/8/3
/src/java/com/cloudera/flume/master/SaveConfigCommand.java,2011/8/2,2011/8/3
/src/java/com/cloudera/flume/master/SaveConfigCommand.java,2011/8/2,2011/8/3
/src/java/com/cloudera/flume/master/LoadConfigCommand.java,2011/8/2,2011/8/3
/src/java/com/cloudera/flume/master/LoadConfigCommand.java,2011/8/2,2011/8/3
/flume-ng-core/src/main/java/org/apache/flume/interceptor/HostInterceptor.java,2012/6/19,2012/6/23
/flume-ng-sources/flume-taildir-source/src/main/java/org/apache/flume/source/taildir/TaildirSource.java,2018/11/22,2018/11/23
/flume-ng-sources/flume-taildir-source/src/main/java/org/apache/flume/source/taildir/TaildirSource.java,2015/8/17,2018/11/23
/flume-ng-auth/src/main/java/org/apache/flume/api/SecureThriftRpcClient.java,2015/3/5,2015/3/11
/flume-ng-sdk/src/main/java/org/apache/flume/api/ThriftRpcClient.java,2015/3/5,2015/3/13
/flume-ng-sdk/src/main/java/org/apache/flume/api/ThriftRpcClient.java,2015/2/18,2015/3/13
/flume-ng-core/src/main/java/org/apache/flume/source/ThriftSource.java,2015/2/18,2015/3/13
/flume-ng-sinks/flume-hdfs-sink/src/main/java/org/apache/flume/sink/hdfs/HDFSEventSink.java,2013/12/23,2017/5/9
/flume-ng-sinks/flume-hdfs-sink/src/main/java/org/apache/flume/sink/hdfs/HDFSEventSink.java,2011/10/4,2017/5/9
/flume-ng-sinks/flume-hdfs-sink/src/main/java/org/apache/flume/sink/hdfs/HDFSEventSink.java,2012/4/6,2017/5/9
/flume-ng-sinks/flume-hdfs-sink/src/main/java/org/apache/flume/sink/hdfs/HDFSEventSink.java,2012/3/23,2017/5/9
/flume-ng-sinks/flume-hdfs-sink/src/main/java/org/apache/flume/sink/hdfs/HDFSEventSink.java,2015/3/5,2017/5/9
/flume-ng-legacy-sources/flume-thrift-source/src/test/java/org/apache/flume/source/thriftLegacy/TestThriftLegacySource.java,2012/2/6,2012/5/30
/flume-ng-legacy-sources/flume-thrift-source/src/main/java/org/apache/flume/source/thriftLegacy/ThriftLegacySource.java,2012/2/6,2012/5/30
/flume-ng-sinks/flume-hdfs-sink/src/test/java/org/apache/flume/sink/hdfs/TestBucketWriter.java,2017/1/27,2018/10/4
/flume-ng-sinks/flume-hdfs-sink/src/test/java/org/apache/flume/sink/hdfs/TestBucketWriter.java,2016/10/24,2018/10/4
/flume-ng-sinks/flume-hdfs-sink/src/test/java/org/apache/flume/sink/hdfs/TestBucketWriter.java,2013/1/23,2018/10/4
/flume-ng-sinks/flume-hdfs-sink/src/test/java/org/apache/flume/sink/hdfs/TestBucketWriter.java,2013/12/23,2018/10/4
/flume-ng-sinks/flume-hdfs-sink/src/test/java/org/apache/flume/sink/hdfs/TestBucketWriter.java,2016/6/29,2018/10/4
/flume-ng-sinks/flume-hdfs-sink/src/main/java/org/apache/flume/sink/hdfs/BucketWriter.java,2014/4/28,2018/10/4
/flume-ng-sinks/flume-hdfs-sink/src/main/java/org/apache/flume/sink/hdfs/BucketWriter.java,2014/2/18,2018/10/4
/flume-ng-sinks/flume-hdfs-sink/src/main/java/org/apache/flume/sink/hdfs/BucketWriter.java,2012/6/7,2018/10/4
/flume-ng-sinks/flume-hdfs-sink/src/main/java/org/apache/flume/sink/hdfs/BucketWriter.java,2013/12/23,2018/10/4
/flume-ng-node/src/test/java/org/apache/flume/node/TestAbstractLogicalNodeManager.java,2011/10/20,2012/6/26
/flume-ng-core/src/main/java/org/apache/flume/sink/NullSink.java,2012/4/2,2012/6/26
/flume-ng-core/src/main/java/org/apache/flume/sink/NullSink.java,2011/9/6,2012/6/26
/flume-ng-core/src/main/java/org/apache/flume/sink/NullSink.java,2011/9/21,2012/6/26
/flume-ng-core/src/main/java/org/apache/flume/sink/NullSink.java,2011/9/5,2012/6/26
/flume-ng-core/src/main/java/org/apache/flume/sink/NullSink.java,2011/9/7,2012/6/26
/flume-ng-core/src/main/java/org/apache/flume/sink/NullSink.java,2012/2/3,2012/6/26
/flume-ng-configuration/src/main/java/org/apache/flume/conf/sink/SinkConfiguration.java,2012/4/23,2012/6/26
/flume-ng-channels/flume-recoverable-memory-channel/src/test/java/org/apache/flume/channel/recoverable/memory/TestRecoverableMemoryChannel.java,2012/4/1,2012/6/26
/flume-ng-core/src/test/java/org/apache/flume/source/TestSyslogUtils.java,2014/8/14,2018/1/26
/flume-ng-core/src/test/java/org/apache/flume/source/TestSyslogUtils.java,2016/6/29,2018/1/26
/flume-ng-core/src/test/java/org/apache/flume/source/TestSyslogUtils.java,2016/4/25,2018/1/26
/flume-ng-core/src/main/java/org/apache/flume/source/SyslogUtils.java,2016/6/26,2018/1/26
/flume-ng-core/src/main/java/org/apache/flume/source/SyslogUtils.java,2016/4/25,2018/1/26
/flume-ng-core/src/main/java/org/apache/flume/source/SyslogUtils.java,2014/8/14,2018/1/26
/flume-ng-core/src/test/java/org/apache/flume/source/TestSyslogUdpSource.java,2012/3/6,2018/11/14
/flume-ng-core/src/test/java/org/apache/flume/source/TestMultiportSyslogTCPSource.java,2018/8/28,2018/11/14
/flume-ng-core/src/test/java/org/apache/flume/source/TestMultiportSyslogTCPSource.java,2014/8/14,2018/11/14
/flume-ng-core/src/test/java/org/apache/flume/source/TestMultiportSyslogTCPSource.java,2013/12/10,2018/11/14
/flume-ng-core/src/test/java/org/apache/flume/source/TestMultiportSyslogTCPSource.java,2018/10/18,2018/11/14
/flume-ng-core/src/test/java/org/apache/flume/source/TestMultiportSyslogTCPSource.java,2012/9/14,2018/11/14
/flume-ng-core/src/main/java/org/apache/flume/source/SyslogTcpSource.java,2018/10/18,2018/11/14
/flume-ng-core/src/main/java/org/apache/flume/source/MultiportSyslogTCPSource.java,2014/8/14,2018/11/14
/flume-ng-core/src/main/java/org/apache/flume/source/MultiportSyslogTCPSource.java,2013/12/10,2018/11/14
/flume-ng-core/src/main/java/org/apache/flume/source/MultiportSyslogTCPSource.java,2012/9/14,2018/11/14
/flume-ng-sdk/src/main/java/org/apache/flume/api/RpcClientFactory.java,2012/3/29,2012/6/8
/flume-ng-sdk/src/main/java/org/apache/flume/api/RpcClientConfigurationConstants.java,2012/6/5,2012/6/8
/flume-ng-sdk/src/main/java/org/apache/flume/api/NettyAvroRpcClient.java,2012/3/13,2012/6/8
/flume-ng-sdk/src/main/java/org/apache/flume/api/FailoverRpcClient.java,2012/3/29,2012/6/8
/flume-ng-sdk/src/main/java/org/apache/flume/api/FailoverRpcClient.java,2012/6/5,2012/6/8
/flume-ng-core/src/main/java/org/apache/flume/sink/LoadBalancingSinkProcessor.java,2012/5/18,2012/6/8
/flume-ng-channels/flume-file-channel/src/main/java/org/apache/flume/channel/file/FlumeEventQueue.java,2012/8/5,2012/8/25
/flume-ng-channels/flume-file-channel/src/main/java/org/apache/flume/channel/file/Log.java,2012/9/7,2012/12/11
/flume-ng-channels/flume-file-channel/src/main/java/org/apache/flume/channel/file/Log.java,2012/10/16,2012/12/11
/flume-core/src/test/java/com/cloudera/flume/handlers/rolling/TestSlowSinkRoll.java,2011/11/30,2011/12/19
/flume-ng-core/src/test/java/org/apache/flume/source/TestExecSource.java,2014/3/12,2014/10/16
/flume-ng-core/src/test/java/org/apache/flume/source/TestExecSource.java,2013/3/11,2014/10/16
/src/javatest/com/cloudera/flume/handlers/text/output/TestOutputFormatFactory.java,2011/8/2,2011/8/3
/src/javatest/com/cloudera/flume/handlers/text/output/TestOutputFormatFactory.java,2011/8/2,2011/8/3
/src/javatest/com/cloudera/flume/handlers/text/TestTailDirSource.java,2011/8/2,2011/8/3
/src/javatest/com/cloudera/flume/handlers/text/TestTailDirSource.java,2011/8/2,2011/8/3
/src/javatest/com/cloudera/flume/handlers/avro/TestAvroDataFile.java,2011/8/2,2011/8/3
/src/javatest/com/cloudera/flume/handlers/text/TestTailDirSource.java,2011/8/2,2011/8/3
/src/javatest/com/cloudera/flume/handlers/hdfs/TestEscapedCustomOutputDfs.java,2011/8/2,2011/8/3
/src/java/com/cloudera/flume/handlers/rolling/RollSink.java,2011/8/2,2011/8/3
/src/java/com/cloudera/flume/agent/durability/NaiveFileWALManager.java,2011/8/2,2011/8/3
/src/java/com/cloudera/flume/master/TranslatingConfigurationManager.java,2011/8/2,2011/8/3
/src/java/com/cloudera/flume/master/ConfigManager.java,2011/8/2,2011/8/3
/src/java/com/cloudera/flume/conf/SourceFactoryImpl.java,2011/8/2,2011/8/3
/flume-ng-node/src/main/java/org/apache/flume/conf/properties/PropertiesFileConfigurationProvider.java,2012/1/13,2012/4/25
/flume-ng-sinks/flume-hdfs-sink/src/main/java/org/apache/flume/sink/hdfs/HDFSCompressedDataStream.java,2011/10/4,2012/4/26
/flume-ng-channels/flume-file-channel/src/main/java/org/apache/flume/channel/file/FlumeEventQueue.java,2012/6/21,2012/6/26
/flume-ng-core/src/test/java/org/apache/flume/serialization/TestResettableFileInputStream.java,2013/9/28,2015/5/28
/flume-ng-core/src/test/java/org/apache/flume/serialization/TestResettableFileInputStream.java,2012/12/19,2015/5/28
/flume-ng-core/src/test/java/org/apache/flume/serialization/TestResettableFileInputStream.java,2013/9/27,2015/5/28
/flume-ng-core/src/main/java/org/apache/flume/serialization/ResettableFileInputStream.java,2013/9/27,2015/5/28
/flume-ng-core/src/main/java/org/apache/flume/serialization/ResettableFileInputStream.java,2012/12/19,2015/5/28
/flume-ng-channels/flume-file-channel/src/main/java/org/apache/flume/channel/file/CheckpointRebuilder.java,2012/8/31,2012/9/3
/flume-ng-channels/flume-file-channel/src/test/java/org/apache/flume/channel/file/TestLog.java,2015/4/13,2015/4/16
/flume-ng-channels/flume-file-channel/src/main/java/org/apache/flume/channel/file/EventQueueBackingStoreFile.java,2012/12/10,2013/5/9
/flume-ng-channels/flume-file-channel/src/main/java/org/apache/flume/channel/file/EventQueueBackingStoreFile.java,2012/9/7,2013/5/9
/flume-ng-core/src/test/java/org/apache/flume/source/TestSyslogUtils.java,2012/4/7,2012/9/13
/flume-ng-core/src/test/java/org/apache/flume/source/TestSyslogUdpSource.java,2012/4/7,2012/9/13
/flume-ng-core/src/test/java/org/apache/flume/source/TestSyslogUdpSource.java,2012/3/6,2012/9/13
/flume-ng-core/src/main/java/org/apache/flume/source/SyslogUtils.java,2012/4/7,2012/9/13
/flume-ng-core/src/test/java/org/apache/flume/serialization/TestSyslogAvroEventSerializer.java,2012/4/16,2013/4/26
/flume-ng-core/src/test/java/org/apache/flume/serialization/TestFlumeEventAvroEventSerializer.java,2012/4/16,2013/4/26
/flume-ng-sdk/src/main/java/org/apache/flume/api/RpcClientFactory.java,2012/3/13,2012/6/28
/flume-ng-sdk/src/main/java/org/apache/flume/api/NettyAvroRpcClient.java,2012/3/13,2012/6/28
/flume-ng-sdk/src/main/java/org/apache/flume/api/NettyAvroRpcClient.java,2012/6/7,2012/6/28
/flume-ng-sdk/src/main/java/org/apache/flume/api/NettyAvroRpcClient.java,2012/3/13,2012/6/28
/flume-ng-sdk/src/main/java/org/apache/flume/api/NettyAvroRpcClient.java,2012/3/29,2012/6/28
/flume-ng-core/src/main/java/org/apache/flume/sink/AvroSink.java,2011/10/11,2012/6/28
/flume-ng-core/src/main/java/org/apache/flume/sink/AvroSink.java,2012/3/13,2012/6/28
/flume-ng-core/src/main/java/org/apache/flume/client/avro/AvroCLIClient.java,2011/10/20,2011/10/21
/flume-ng-sinks/flume-ng-kafka-sink/src/test/java/org/apache/flume/sink/kafka/TestKafkaSink.java,2014/9/23,2015/10/22
/flume-ng-core/src/test/java/org/apache/flume/source/TestSequenceGeneratorSource.java,2011/9/6,2016/12/7
/flume-ng-core/src/test/java/org/apache/flume/source/TestSequenceGeneratorSource.java,2016/6/29,2016/12/7
/flume-ng-core/src/test/java/org/apache/flume/source/TestSequenceGeneratorSource.java,2012/9/12,2016/12/7
/flume-ng-core/src/test/java/org/apache/flume/source/TestSequenceGeneratorSource.java,2012/1/13,2016/12/7
/flume-ng-core/src/test/java/org/apache/flume/source/TestSequenceGeneratorSource.java,2011/9/21,2016/12/7
/flume-ng-core/src/test/java/org/apache/flume/source/TestSequenceGeneratorSource.java,2011/8/29,2016/12/7
/flume-ng-core/src/test/java/org/apache/flume/source/TestSequenceGeneratorSource.java,2011/8/12,2016/12/7
/flume-ng-core/src/test/java/org/apache/flume/source/TestSequenceGeneratorSource.java,2011/8/12,2016/12/7
/flume-ng-core/src/test/java/org/apache/flume/source/TestSequenceGeneratorSource.java,2011/10/17,2016/12/7
/flume-ng-core/src/test/java/org/apache/flume/source/TestSequenceGeneratorSource.java,2012/2/1,2016/12/7
/flume-ng-core/src/test/java/org/apache/flume/source/TestSequenceGeneratorSource.java,2011/9/5,2016/12/7
/flume-ng-core/src/main/java/org/apache/flume/source/SequenceGeneratorSource.java,2015/7/6,2016/12/7
/flume-ng-core/src/main/java/org/apache/flume/source/SequenceGeneratorSource.java,2016/6/26,2016/12/7
/flume-ng-core/src/main/java/org/apache/flume/source/SequenceGeneratorSource.java,2013/1/17,2016/12/7
/flume-ng-core/src/main/java/org/apache/flume/source/SequenceGeneratorSource.java,2011/8/29,2016/12/7
/flume-ng-core/src/main/java/org/apache/flume/source/SequenceGeneratorSource.java,2011/9/5,2016/12/7
/flume-ng-core/src/main/java/org/apache/flume/source/SequenceGeneratorSource.java,2011/8/12,2016/12/7
/flume-ng-core/src/main/java/org/apache/flume/source/SequenceGeneratorSource.java,2012/9/12,2016/12/7
/src/java/com/cloudera/util/DateUtils.java,2011/8/2,2011/8/3
/src/java/com/cloudera/flume/handlers/text/output/Log4jOutputFormat.java,2011/8/2,2011/8/3
/flume-ng-core/src/main/java/org/apache/flume/source/http/HTTPSource.java,2013/10/8,2013/10/9
/flume-ng-core/src/main/java/org/apache/flume/source/http/HTTPSource.java,2013/5/7,2013/10/9
/flume-ng-core/src/main/java/org/apache/flume/instrumentation/http/HTTPMetricsServer.java,2012/8/14,2013/10/9
/flume-ng-sources/flume-scribe-source/src/main/java/org/apache/flume/source/scribe/ScribeSource.java,2012/8/15,2017/9/11
/flume-ng-sources/flume-scribe-source/src/main/java/org/apache/flume/source/scribe/Scribe.java,2015/2/9,2017/9/11
/flume-ng-sources/flume-scribe-source/src/main/java/org/apache/flume/source/scribe/Scribe.java,2013/4/7,2017/9/11
/flume-ng-sources/flume-scribe-source/src/main/java/org/apache/flume/source/scribe/Scribe.java,2012/8/15,2017/9/11
/flume-ng-sources/flume-scribe-source/src/main/java/org/apache/flume/source/scribe/Scribe.java,2013/2/11,2017/9/11
/flume-ng-sources/flume-scribe-source/src/main/java/org/apache/flume/source/scribe/LogEntry.java,2013/4/7,2017/9/11
/flume-ng-sources/flume-scribe-source/src/main/java/org/apache/flume/source/scribe/LogEntry.java,2012/8/15,2017/9/11
/flume-ng-sources/flume-scribe-source/src/main/java/org/apache/flume/source/scribe/LogEntry.java,2013/2/11,2017/9/11
/flume-ng-sdk/src/main/java/org/apache/flume/thrift/ThriftSourceProtocol.java,2015/2/9,2017/9/11
/flume-ng-sdk/src/main/java/org/apache/flume/thrift/ThriftSourceProtocol.java,2013/4/7,2017/9/11
/flume-ng-sdk/src/main/java/org/apache/flume/thrift/ThriftSourceProtocol.java,2013/2/11,2017/9/11
/flume-ng-sdk/src/main/java/org/apache/flume/thrift/ThriftFlumeEvent.java,2013/4/7,2017/9/11
/flume-ng-sdk/src/main/java/org/apache/flume/thrift/ThriftFlumeEvent.java,2013/2/11,2017/9/11
/flume-ng-legacy-sources/flume-thrift-source/src/main/java/com/cloudera/flume/handlers/thrift/ThriftFlumeEventServer.java,2015/2/9,2017/9/11
/flume-ng-legacy-sources/flume-thrift-source/src/main/java/com/cloudera/flume/handlers/thrift/ThriftFlumeEventServer.java,2013/4/7,2017/9/11
/flume-ng-legacy-sources/flume-thrift-source/src/main/java/com/cloudera/flume/handlers/thrift/ThriftFlumeEventServer.java,2013/2/11,2017/9/11
/flume-ng-legacy-sources/flume-thrift-source/src/main/java/com/cloudera/flume/handlers/thrift/ThriftFlumeEventServer.java,2012/2/6,2017/9/11
/flume-ng-legacy-sources/flume-thrift-source/src/main/java/com/cloudera/flume/handlers/thrift/ThriftFlumeEvent.java,2013/2/11,2017/9/11
/flume-ng-legacy-sources/flume-thrift-source/src/main/java/com/cloudera/flume/handlers/thrift/ThriftFlumeEvent.java,2013/4/7,2017/9/11
/flume-ng-legacy-sources/flume-thrift-source/src/main/java/com/cloudera/flume/handlers/thrift/ThriftFlumeEvent.java,2012/2/6,2017/9/11
/flume-ng-sources/flume-kafka-source/src/test/java/org/apache/flume/source/kafka/TestKafkaSource.java,2016/4/21,2017/9/13
/flume-ng-sources/flume-kafka-source/src/test/java/org/apache/flume/source/kafka/TestKafkaSource.java,2016/6/29,2017/9/13
/flume-ng-sources/flume-kafka-source/src/main/java/org/apache/flume/source/kafka/KafkaSourceConstants.java,2016/3/29,2017/9/13
/flume-ng-sources/flume-kafka-source/src/main/java/org/apache/flume/source/kafka/KafkaSource.java,2016/4/21,2017/9/13
/flume-ng-sinks/flume-ng-kafka-sink/src/test/java/org/apache/flume/sink/kafka/TestKafkaSink.java,2014/9/15,2017/9/13
/flume-ng-sinks/flume-ng-kafka-sink/src/main/java/org/apache/flume/sink/kafka/KafkaSinkConstants.java,2016/3/29,2017/9/13
/flume-ng-sinks/flume-ng-kafka-sink/src/main/java/org/apache/flume/sink/kafka/KafkaSink.java,2017/5/25,2017/9/13
/flume-ng-sinks/flume-ng-kafka-sink/src/main/java/org/apache/flume/sink/kafka/KafkaSink.java,2016/3/29,2017/9/13
/flume-ng-channels/flume-kafka-channel/src/test/java/org/apache/flume/channel/kafka/TestKafkaChannel.java,2016/3/29,2016/6/10
/flume-ng-channels/flume-kafka-channel/src/test/java/org/apache/flume/channel/kafka/TestKafkaChannel.java,2014/10/28,2016/6/10
/flume-ng-channels/flume-kafka-channel/src/main/java/org/apache/flume/channel/kafka/KafkaChannel.java,2016/3/29,2016/6/10
/flume-ng-channels/flume-kafka-channel/src/main/java/org/apache/flume/channel/kafka/KafkaChannel.java,2014/10/28,2016/6/10
/flume-ng-sinks/flume-hdfs-sink/src/main/java/org/apache/flume/sink/hdfs/HDFSEventSink.java,2011/10/4,2012/3/12
/flume-ng-channels/flume-file-channel/src/main/java/org/apache/flume/channel/file/LogUtils.java,2012/10/21,2012/10/26
/flume-ng-sinks/flume-hdfs-sink/src/test/java/org/apache/flume/sink/hdfs/TestHDFSEventSink.java,2011/10/20,2011/11/13
/flume-ng-core/src/test/java/org/apache/flume/serialization/SyslogAvroEventSerializer.java,2012/4/16,2016/2/26
/flume-ng-core/src/main/java/org/apache/flume/source/SyslogParser.java,2012/9/14,2016/2/26
/src/javatest/com/cloudera/flume/agent/durability/TestNaiveFileWALManager.java,2011/8/2,2011/8/3
/src/javatest/com/cloudera/flume/agent/durability/TestNaiveFileWALDeco.java,2011/8/2,2011/8/3
/src/javatest/com/cloudera/flume/agent/durability/TestNaiveFileWALDeco.java,2011/8/2,2011/8/3
/src/java/com/cloudera/flume/handlers/endtoend/AckChecksumInjector.java,2011/8/2,2011/8/3
/src/java/com/cloudera/flume/agent/durability/NaiveFileWALManager.java,2011/8/2,2011/8/3
/src/java/com/cloudera/flume/agent/durability/NaiveFileWALManager.java,2011/8/2,2011/8/3
/src/java/com/cloudera/flume/agent/durability/NaiveFileWALManager.java,2011/8/2,2011/8/3
/src/java/com/cloudera/flume/agent/durability/NaiveFileWALManager.java,2011/8/2,2011/8/3
/flume-ng-sinks/flume-hive-sink/src/main/java/org/apache/flume/sink/hive/HiveWriter.java,2015/2/9,2015/4/2
/flume-ng-core/src/main/java/org/apache/flume/client/avro/ReliableSpoolingFileEventReader.java,2012/12/19,2015/4/7
/flume-ng-channels/flume-file-channel/src/main/java/org/apache/flume/channel/file/ReplayHandler.java,2012/8/13,2012/8/31
/flume-ng-sinks/flume-ng-hbase-sink/src/main/java/org/apache/flume/sink/hbase/AsyncHBaseSink.java,2012/7/30,2016/3/29
/src/java/com/cloudera/flume/util/FlumeShell.java,2011/8/2,2011/8/3
/src/java/com/cloudera/flume/master/FlumeMaster.java,2011/8/2,2011/8/3
/src/java/com/cloudera/flume/agent/FlumeNode.java,2011/8/2,2011/8/3
/flume-ng-sinks/flume-ng-hbase-sink/src/main/java/org/apache/flume/sink/hbase/AsyncHBaseSink.java,2015/1/21,2015/7/8
/src/java/com/cloudera/flume/master/FlumeMaster.java,2011/8/2,2011/8/3
/src/java/com/cloudera/flume/master/FlumeMaster.java,2011/8/2,2011/8/3
/flume-ng-channels/flume-jdbc-channel/src/test/java/org/apache/flume/channel/jdbc/TestJdbcChannelProvider.java,2011/10/14,2011/10/29
/flume-ng-channels/flume-jdbc-channel/src/test/java/org/apache/flume/channel/jdbc/TestJdbcChannelProvider.java,2011/10/13,2011/10/29
/flume-ng-channels/flume-jdbc-channel/src/test/java/org/apache/flume/channel/jdbc/TestJdbcChannelProvider.java,2011/10/12,2011/10/29
/flume-ng-channels/flume-jdbc-channel/src/test/java/org/apache/flume/channel/jdbc/TestJdbcChannelProvider.java,2011/10/21,2011/10/29
/flume-ng-channels/flume-jdbc-channel/src/main/java/org/apache/flume/channel/jdbc/impl/JdbcChannelProviderImpl.java,2011/10/12,2011/10/29
/flume-ng-channels/flume-jdbc-channel/src/main/java/org/apache/flume/channel/jdbc/JdbcChannelProviderFactory.java,2011/9/30,2011/10/29
/flume-ng-channels/flume-jdbc-channel/src/main/java/org/apache/flume/channel/jdbc/JdbcChannelProvider.java,2011/9/30,2011/10/29
/flume-ng-channels/flume-jdbc-channel/src/main/java/org/apache/flume/channel/jdbc/JdbcChannel.java,2011/10/12,2011/10/29
/flume-ng-channels/flume-jdbc-channel/src/main/java/org/apache/flume/channel/jdbc/JdbcChannel.java,2011/9/7,2011/10/29
/flume-ng-channels/flume-jdbc-channel/src/main/java/org/apache/flume/channel/jdbc/JdbcChannel.java,2011/9/30,2011/10/29
/flume-ng-core/src/test/java/org/apache/flume/source/TestExecSource.java,2011/10/28,2011/11/2
/flume-ng-core/src/test/java/org/apache/flume/serialization/TestResettableFileInputStream.java,2013/9/28,2014/11/14
/flume-ng-core/src/main/java/org/apache/flume/channel/MemoryChannel.java,2011/9/21,2011/10/20
/flume-ng-core/src/main/java/org/apache/flume/channel/MemoryChannel.java,2011/10/17,2011/10/20
/flume-ng-channels/flume-file-channel/src/test/java/org/apache/flume/channel/file/TestFlumeEventQueue.java,2012/9/7,2017/8/24
/flume-ng-channels/flume-file-channel/src/test/java/org/apache/flume/channel/file/TestFlumeEventQueue.java,2016/6/29,2017/8/24
/flume-ng-channels/flume-file-channel/src/test/java/org/apache/flume/channel/file/TestEventQueueBackingStoreFactory.java,2012/12/10,2017/8/24
/flume-ng-channels/flume-file-channel/src/test/java/org/apache/flume/channel/file/TestEventQueueBackingStoreFactory.java,2016/6/29,2017/8/24
/flume-ng-channels/flume-file-channel/src/test/java/org/apache/flume/channel/file/TestEventQueueBackingStoreFactory.java,2012/9/7,2017/8/24
/flume-ng-channels/flume-file-channel/src/test/java/org/apache/flume/channel/file/TestCheckpointRebuilder.java,2012/9/14,2017/8/24
/flume-ng-channels/flume-file-channel/src/test/java/org/apache/flume/channel/file/TestCheckpoint.java,2012/9/7,2017/8/24
/flume-ng-channels/flume-file-channel/src/main/java/org/apache/flume/channel/file/instrumentation/FileChannelCounter.java,2017/5/9,2017/8/24
/flume-ng-channels/flume-file-channel/src/main/java/org/apache/flume/channel/file/Log.java,2016/6/26,2017/8/24
/flume-ng-channels/flume-file-channel/src/main/java/org/apache/flume/channel/file/EventQueueBackingStoreFileV3.java,2014/7/8,2017/8/24
/flume-ng-channels/flume-file-channel/src/main/java/org/apache/flume/channel/file/EventQueueBackingStoreFileV3.java,2016/6/26,2017/8/24
/flume-ng-channels/flume-file-channel/src/main/java/org/apache/flume/channel/file/EventQueueBackingStoreFileV3.java,2013/4/5,2017/8/24
/flume-ng-channels/flume-file-channel/src/main/java/org/apache/flume/channel/file/EventQueueBackingStoreFileV2.java,2012/12/10,2017/8/24
/flume-ng-channels/flume-file-channel/src/main/java/org/apache/flume/channel/file/EventQueueBackingStoreFileV2.java,2012/9/7,2017/8/24
/flume-ng-channels/flume-file-channel/src/main/java/org/apache/flume/channel/file/EventQueueBackingStoreFile.java,2014/7/8,2017/8/24
/flume-ng-channels/flume-file-channel/src/main/java/org/apache/flume/channel/file/EventQueueBackingStoreFile.java,2013/4/5,2017/8/24
/flume-ng-channels/flume-file-channel/src/main/java/org/apache/flume/channel/file/EventQueueBackingStoreFile.java,2016/6/26,2017/8/24
/flume-ng-channels/flume-file-channel/src/main/java/org/apache/flume/channel/file/EventQueueBackingStoreFile.java,2012/9/7,2017/8/24
/flume-ng-channels/flume-file-channel/src/main/java/org/apache/flume/channel/file/EventQueueBackingStoreFactory.java,2013/4/5,2017/8/24
/flume-ng-channels/flume-file-channel/src/main/java/org/apache/flume/channel/file/EventQueueBackingStoreFactory.java,2014/7/8,2017/8/24
/flume-ng-channels/flume-file-channel/src/main/java/org/apache/flume/channel/file/EventQueueBackingStoreFactory.java,2016/6/26,2017/8/24
/flume-ng-channels/flume-file-channel/src/main/java/org/apache/flume/channel/file/EventQueueBackingStoreFactory.java,2012/9/7,2017/8/24
/flume-ng-channels/flume-file-channel/src/main/java/org/apache/flume/channel/file/CheckpointRebuilder.java,2012/9/14,2017/8/24
/src/javatest-torture/com/cloudera/flume/master/EvilExhaustConnections.java,2011/8/2,2011/8/3
/plugins/helloworld/src/java/helloworld/HelloWorldSource.java,2011/8/2,2011/8/3
/flume-ng-core/src/test/java/org/apache/flume/source/http/TestHTTPSource.java,2012/10/18,2013/8/2
/flume-ng-core/src/main/java/org/apache/flume/source/http/HTTPSource.java,2013/5/7,2013/8/2
/flume-ng-core/src/main/java/org/apache/flume/source/http/HTTPSource.java,2013/5/8,2013/8/2
/flume-ng-core/src/test/java/org/apache/flume/source/http/TestHTTPSource.java,2013/8/1,2013/8/6
/flume-ng-core/src/main/java/org/apache/flume/formatter/output/BucketPath.java,2013/2/26,2013/4/23
/flume-ng-core/src/main/java/org/apache/flume/formatter/output/BucketPath.java,2012/7/5,2013/4/23
/flume-ng-core/src/main/java/org/apache/flume/source/ExecSourceConfigurationConstants.java,2012/12/13,2013/4/26
/flume-ng-core/src/main/java/org/apache/flume/source/ExecSource.java,2012/9/24,2013/4/26
/flume-ng-core/src/main/java/org/apache/flume/source/ExecSource.java,2013/4/18,2013/4/26
/flume-ng-core/src/main/java/org/apache/flume/source/ExecSource.java,2012/7/11,2013/4/26
/flume-ng-core/src/main/java/org/apache/flume/source/ExecSource.java,2012/3/22,2013/4/26
/flume-ng-core/src/main/java/org/apache/flume/source/ExecSource.java,2012/12/13,2013/4/26
/flume-core/src/test/java/com/cloudera/flume/reporter/TestMultiGrep.java,2011/8/2,2011/8/3
/flume-core/src/test/java/com/cloudera/flume/handlers/debug/TestFileSource.java,2011/8/2,2011/8/3
/flume-ng-sinks/flume-ng-hbase-sink/src/main/java/org/apache/flume/sink/hbase/RegexHbaseEventSerializer.java,2012/6/16,2017/8/9
/flume-ng-sinks/flume-ng-hbase-sink/src/test/java/org/apache/flume/sink/hbase/TestHBaseSink.java,2012/5/15,2014/3/1
/flume-ng-sinks/flume-ng-hbase-sink/src/test/java/org/apache/flume/sink/hbase/TestHBaseSink.java,2013/5/20,2014/3/1
/flume-ng-sinks/flume-ng-hbase-sink/src/test/java/org/apache/flume/sink/hbase/TestHBaseSink.java,2014/3/1,2014/3/2
/flume-ng-sinks/flume-ng-hbase-sink/src/test/java/org/apache/flume/sink/hbase/TestHBaseSink.java,2014/2/28,2014/3/2
/src/javatest/com/cloudera/flume/handlers/hdfs/TestEscapedCustomOutputDfs.java,2011/8/2,2011/8/3
/flume-ng-core/src/test/java/org/apache/flume/source/http/TestHTTPSource.java,2012/10/18,2013/5/8
/flume-ng-core/src/main/java/org/apache/flume/source/http/HTTPSource.java,2012/10/18,2013/5/8
/src/javatest/com/cloudera/flume/handlers/debug/TestChokeDecos.java,2011/8/2,2011/8/3
/src/javatest/com/cloudera/flume/handlers/debug/TestChokeDecos.java,2011/8/2,2011/8/3
/src/java/com/cloudera/flume/handlers/debug/SynthSourceRndSize.java,2011/8/2,2011/8/3
/flume-ng-core/src/main/java/org/apache/flume/source/SpoolDirectorySource.java,2012/11/5,2014/3/1
/flume-ng-core/src/main/java/org/apache/flume/instrumentation/SourceCounterMBean.java,2012/8/14,2012/8/14
/flume-ng-core/src/main/java/org/apache/flume/instrumentation/SinkCounterMBean.java,2012/8/14,2012/8/14
/flume-ng-core/src/main/java/org/apache/flume/instrumentation/MonitoringType.java,2012/8/14,2012/8/14
/flume-ng-core/src/main/java/org/apache/flume/instrumentation/MonitoredCounterGroup.java,2012/8/14,2012/8/14
/flume-ng-core/src/main/java/org/apache/flume/instrumentation/GangliaServer.java,2012/8/14,2012/8/14
/flume-ng-core/src/main/java/org/apache/flume/instrumentation/ChannelCounterMBean.java,2012/8/14,2012/8/14
/flume-ng-core/src/main/java/org/apache/flume/instrumentation/ChannelCounter.java,2012/8/14,2012/8/14
/flume-ng-core/src/main/java/org/apache/flume/channel/PseudoTxnMemoryChannel.java,2012/8/14,2012/8/14
/flume-ng-core/src/main/java/org/apache/flume/channel/MemoryChannel.java,2012/8/14,2012/8/14
/flume-ng-channels/flume-file-channel/src/main/java/org/apache/flume/channel/file/FileChannel.java,2012/8/14,2012/8/14
/flume-ng-core/src/main/java/org/apache/flume/channel/ChannelProcessor.java,2012/4/1,2015/10/31
/flume-ng-core/src/main/java/org/apache/flume/channel/ChannelProcessor.java,2012/5/15,2015/10/31
/flume-ng-core/src/main/java/org/apache/flume/channel/ChannelProcessor.java,2012/6/28,2015/10/31
/flume-ng-core/src/main/java/org/apache/flume/channel/ChannelProcessor.java,2012/6/26,2015/10/31
/flume-ng-core/src/main/java/org/apache/flume/channel/ChannelProcessor.java,2012/2/1,2015/10/31
/flume-ng-core/src/main/java/org/apache/flume/channel/ChannelProcessor.java,2012/7/18,2015/10/31
/flume-core/src/test/java/com/cloudera/flume/handlers/rolling/TestRollSink.java,2011/8/2,2011/11/30
/flume-core/src/test/java/com/cloudera/flume/handlers/rolling/TestRollRollTags.java,2011/8/2,2011/11/30
/flume-core/src/main/java/com/cloudera/flume/handlers/rolling/RollSink.java,2011/8/2,2011/11/30
/flume-core/src/main/java/com/cloudera/flume/handlers/rolling/RollSink.java,2011/8/2,2011/11/30
/src/javatest/com/cloudera/flume/reporter/ganglia/TestGangliaSink.java,2011/8/2,2011/8/3
/src/java/com/cloudera/util/dirwatcher/DirWatcher.java,2011/8/2,2011/8/3
/flume-ng-sources/flume-kafka-source/src/test/java/org/apache/flume/source/kafka/KafkaSourceEmbeddedKafka.java,2016/3/29,2016/7/10
/flume-ng-core/src/test/java/org/apache/flume/tools/TestTimestampRoundDownUtil.java,2012/5/19,2016/7/14
/flume-ng-core/src/test/java/org/apache/flume/formatter/output/TestBucketPath.java,2012/5/19,2016/7/14
/flume-ng-core/src/main/java/org/apache/flume/tools/TimestampRoundDownUtil.java,2016/6/26,2016/7/14
/flume-ng-core/src/main/java/org/apache/flume/tools/TimestampRoundDownUtil.java,2012/5/19,2016/7/14
/flume-ng-core/src/main/java/org/apache/flume/formatter/output/BucketPath.java,2012/5/19,2016/7/14
/flume-ng-core/src/main/java/org/apache/flume/formatter/output/BucketPath.java,2016/6/26,2016/7/14
/flume-ng-core/src/main/java/org/apache/flume/formatter/output/BucketPath.java,2012/7/5,2016/7/14
/flume-ng-core/src/test/java/org/apache/flume/client/avro/TestReliableSpoolingFileEventReader.java,2012/12/19,2016/8/23
/flume-ng-sources/flume-kafka-source/src/test/java/org/apache/flume/source/kafka/TestKafkaSource.java,2016/3/29,2016/9/1
/flume-ng-sources/flume-kafka-source/src/test/java/org/apache/flume/source/kafka/KafkaSourceEmbeddedKafka.java,2016/3/29,2016/9/1
/flume-ng-sources/flume-kafka-source/src/test/java/org/apache/flume/source/kafka/KafkaSourceEmbeddedKafka.java,2016/7/9,2016/9/1
/flume-ng-sources/flume-kafka-source/src/main/java/org/apache/flume/source/kafka/KafkaSource.java,2016/6/26,2016/9/1
/flume-ng-sources/flume-kafka-source/src/main/java/org/apache/flume/source/kafka/KafkaSource.java,2016/3/29,2016/9/1
/flume-ng-channels/flume-kafka-channel/src/test/java/org/apache/flume/channel/kafka/TestKafkaChannel.java,2016/8/25,2016/9/1
/flume-ng-channels/flume-kafka-channel/src/main/java/org/apache/flume/channel/kafka/KafkaChannel.java,2016/8/25,2016/9/1
/flume-ng-core/src/test/java/org/apache/flume/source/TestSyslogUdpSource.java,2014/2/7,2016/9/9
/flume-ng-core/src/test/java/org/apache/flume/source/TestSyslogUdpSource.java,2012/3/6,2016/9/9
/flume-ng-core/src/test/java/org/apache/flume/source/TestSyslogUdpSource.java,2013/12/10,2016/9/9
/flume-ng-core/src/test/java/org/apache/flume/source/TestSyslogTcpSource.java,2013/12/10,2016/9/9
/flume-ng-core/src/test/java/org/apache/flume/source/TestSyslogTcpSource.java,2013/10/21,2016/9/9
/flume-ng-core/src/main/java/org/apache/flume/source/SyslogUDPSource.java,2013/12/10,2016/9/9
/flume-ng-core/src/main/java/org/apache/flume/source/SyslogUDPSource.java,2015/10/2,2016/9/9
/flume-ng-core/src/main/java/org/apache/flume/source/SyslogUDPSource.java,2012/4/7,2016/9/9
/flume-ng-core/src/main/java/org/apache/flume/source/SyslogTcpSource.java,2013/10/9,2016/9/9
/flume-ng-core/src/main/java/org/apache/flume/source/SyslogTcpSource.java,2015/10/2,2016/9/9
/flume-ng-core/src/main/java/org/apache/flume/source/SyslogTcpSource.java,2012/4/7,2016/9/9
/flume-ng-core/src/main/java/org/apache/flume/instrumentation/GangliaServer.java,2012/7/20,2013/1/25
/flume-ng-core/src/main/java/org/apache/flume/instrumentation/GangliaServer.java,2012/7/17,2013/1/25
/flume-ng-embedded-agent/src/test/java/org/apache/flume/agent/embedded/TestEmbeddedAgentEmbeddedSource.java,2012/12/11,2013/1/25
/flume-ng-embedded-agent/src/test/java/org/apache/flume/agent/embedded/TestEmbeddedAgentConfiguration.java,2012/12/11,2013/1/25
/flume-ng-embedded-agent/src/main/java/org/apache/flume/agent/embedded/EmbeddedAgentConfiguration.java,2012/12/11,2013/1/25
/flume-ng-sinks/flume-hdfs-sink/src/main/java/org/apache/flume/sink/hdfs/BucketWriter.java,2012/12/18,2013/1/28
/flume-ng-channels/flume-file-channel/src/main/java/org/apache/flume/channel/file/Log.java,2012/12/10,2013/2/2
/flume-ng-channels/flume-file-channel/src/main/java/org/apache/flume/channel/file/Log.java,2012/9/14,2013/2/2
/flume-ng-channels/flume-file-channel/src/main/java/org/apache/flume/channel/file/EventQueueBackingStoreFile.java,2012/9/13,2013/2/15
/flume-ng-sinks/flume-hdfs-sink/src/test/java/org/apache/flume/sink/hdfs/TestBucketWriter.java,2012/12/18,2013/3/1
/flume-ng-sinks/flume-hdfs-sink/src/main/java/org/apache/flume/sink/hdfs/HDFSEventSink.java,2012/12/18,2013/3/1
/flume-ng-sinks/flume-hdfs-sink/src/main/java/org/apache/flume/sink/hdfs/HDFSEventSink.java,2012/9/25,2013/3/1
/flume-ng-sinks/flume-hdfs-sink/src/main/java/org/apache/flume/sink/hdfs/HDFSEventSink.java,2012/12/18,2013/3/1
/flume-ng-sinks/flume-hdfs-sink/src/main/java/org/apache/flume/sink/hdfs/HDFSEventSink.java,2012/7/21,2013/3/1
/flume-ng-sinks/flume-hdfs-sink/src/main/java/org/apache/flume/sink/hdfs/HDFSEventSink.java,2012/7/6,2013/3/1
/flume-ng-sinks/flume-hdfs-sink/src/main/java/org/apache/flume/sink/hdfs/HDFSEventSink.java,2012/3/23,2013/3/1
/flume-ng-sinks/flume-hdfs-sink/src/main/java/org/apache/flume/sink/hdfs/HDFSEventSink.java,2012/6/7,2013/3/1
/flume-ng-sinks/flume-hdfs-sink/src/main/java/org/apache/flume/sink/hdfs/HDFSEventSink.java,2012/5/19,2013/3/1
/flume-ng-sinks/flume-hdfs-sink/src/main/java/org/apache/flume/sink/hdfs/HDFSEventSink.java,2011/12/7,2013/3/1
/flume-ng-sinks/flume-hdfs-sink/src/main/java/org/apache/flume/sink/hdfs/BucketWriter.java,2011/11/13,2013/3/1
/flume-ng-sinks/flume-hdfs-sink/src/main/java/org/apache/flume/sink/hdfs/BucketWriter.java,2012/12/2,2013/3/1
/flume-ng-sinks/flume-hdfs-sink/src/main/java/org/apache/flume/sink/hdfs/BucketWriter.java,2012/3/23,2013/3/1
/flume-ng-sinks/flume-hdfs-sink/src/main/java/org/apache/flume/sink/hdfs/BucketWriter.java,2012/6/7,2013/3/1
/flume-ng-sinks/flume-hdfs-sink/src/main/java/org/apache/flume/sink/hdfs/BucketWriter.java,2012/5/21,2013/3/1
/flume-ng-sinks/flume-hdfs-sink/src/main/java/org/apache/flume/sink/hdfs/BucketWriter.java,2012/7/6,2013/3/1
/flume-ng-sinks/flume-hdfs-sink/src/main/java/org/apache/flume/sink/hdfs/BucketWriter.java,2012/12/18,2013/3/1
/flume-ng-sinks/flume-hdfs-sink/src/main/java/org/apache/flume/sink/hdfs/BucketWriter.java,2012/12/18,2013/3/1
/flume-ng-sinks/flume-hdfs-sink/src/main/java/org/apache/flume/sink/hdfs/BucketWriter.java,2013/1/15,2013/3/1
/flume-ng-core/src/main/java/org/apache/flume/interceptor/InterceptorType.java,2012/5/31,2012/6/19
/flume-ng-clients/flume-ng-log4jappender/src/test/java/org/apache/flume/clients/log4jappender/TestLoadBalancingLog4jAppender.java,2013/2/21,2013/5/11
/flume-ng-clients/flume-ng-log4jappender/src/main/java/org/apache/flume/clients/log4jappender/Log4jAppender.java,2012/2/21,2013/5/11
/flume-ng-clients/flume-ng-log4jappender/src/main/java/org/apache/flume/clients/log4jappender/Log4jAppender.java,2012/3/13,2013/5/11
/flume-ng-clients/flume-ng-log4jappender/src/main/java/org/apache/flume/clients/log4jappender/Log4jAppender.java,2013/1/14,2013/5/11
/flume-ng-clients/flume-ng-log4jappender/src/main/java/org/apache/flume/clients/log4jappender/LoadBalancingLog4jAppender.java,2013/2/21,2013/5/11
/flume-ng-clients/flume-ng-log4jappender/src/test/java/org/apache/flume/clients/log4jappender/TestLog4jAppender.java,2013/1/14,2013/5/12
/flume-ng-clients/flume-ng-log4jappender/src/test/java/org/apache/flume/clients/log4jappender/TestLog4jAppender.java,2012/2/21,2013/5/12
/flume-ng-clients/flume-ng-log4jappender/src/main/java/org/apache/flume/clients/log4jappender/Log4jAppender.java,2012/3/29,2013/5/12
/flume-ng-clients/flume-ng-log4jappender/src/main/java/org/apache/flume/clients/log4jappender/LoadBalancingLog4jAppender.java,2013/2/21,2013/5/12
/flume-ng-core/src/main/java/org/apache/flume/source/SpoolDirectorySource.java,2012/11/5,2013/12/6
/flume-ng-sdk/src/test/java/org/apache/flume/api/TestNettyAvroRpcClient.java,2012/3/13,2013/12/10
/flume-ng-sdk/src/test/java/org/apache/flume/api/TestNettyAvroRpcClient.java,2012/3/29,2013/12/10
/flume-ng-sdk/src/test/java/org/apache/flume/api/TestNettyAvroRpcClient.java,2013/5/1,2013/12/10
/flume-ng-sdk/src/main/java/org/apache/flume/api/NettyAvroRpcClient.java,2013/3/7,2013/12/10
/flume-ng-sdk/src/main/java/org/apache/flume/api/NettyAvroRpcClient.java,2013/6/12,2013/12/10
/src/java/com/cloudera/flume/agent/durability/NaiveFileWALManager.java,2011/8/2,2011/8/3
/src/java/com/cloudera/flume/agent/WALAckManager.java,2011/8/2,2011/8/3
/src/java/com/cloudera/flume/agent/LivenessManager.java,2011/8/2,2011/8/3
/flume-ng-sinks/flume-hdfs-sink/src/main/java/org/apache/flume/sink/hdfs/BucketWriter.java,2012/12/18,2013/6/14
/src/java/com/cloudera/flume/agent/LogicalNode.java,2011/8/2,2011/8/3
/src/java/com/cloudera/flume/agent/LivenessManager.java,2011/8/2,2011/8/3
/src/java/com/cloudera/flume/conf/FlumeConfiguration.java,2011/8/2,2011/8/3
/src/java/com/cloudera/flume/conf/FlumeConfiguration.java,2011/8/2,2011/8/3
/src/java/com/cloudera/flume/util/FlumeShell.java,2011/8/2,2011/8/3
/src/java/com/cloudera/flume/util/FlumeShell.java,2011/8/2,2011/8/3
/src/java/com/cloudera/flume/util/FlumeShell.java,2011/8/2,2011/8/3
/flume-ng-sinks/flume-dataset-sink/src/main/java/org/apache/flume/sink/kite/KerberosUtil.java,2014/3/12,2014/11/21
/flume-ng-core/src/test/java/org/apache/flume/source/TestSyslogParser.java,2012/9/14,2014/11/20
/flume-ng-core/src/main/java/org/apache/flume/source/SyslogParser.java,2012/9/14,2014/11/20
/flume-ng-auth/src/test/java/org/apache/flume/auth/TestFlumeAuthenticator.java,2015/7/27,2017/2/2
/flume-ng-auth/src/main/java/org/apache/flume/auth/UGIExecutor.java,2015/3/5,2017/2/2
/flume-ng-sinks/flume-hdfs-sink/src/test/java/org/apache/flume/sink/hdfs/TestHDFSEventSinkOnMiniCluster.java,2013/3/1,2017/4/9
/flume-ng-sinks/flume-hdfs-sink/src/main/java/org/apache/flume/sink/hdfs/BucketWriter.java,2014/4/28,2017/4/9
/flume-ng-sinks/flume-ng-kafka-sink/src/main/java/org/apache/flume/sink/kafka/KafkaSink.java,2016/3/29,2017/4/17
/flume-ng-channels/flume-kafka-channel/src/main/java/org/apache/flume/channel/kafka/KafkaChannel.java,2016/6/26,2017/4/17
/flume-ng-sinks/flume-hdfs-sink/src/test/java/org/apache/flume/sink/hdfs/TestHDFSEventSink.java,2012/10/16,2013/1/16
/flume-ng-sinks/flume-hdfs-sink/src/test/java/org/apache/flume/sink/hdfs/TestHDFSEventSink.java,2012/4/6,2013/1/16
/flume-ng-sinks/flume-hdfs-sink/src/main/java/org/apache/flume/sink/hdfs/HDFSDataStream.java,2011/10/4,2013/1/16
/flume-ng-sinks/flume-hdfs-sink/src/main/java/org/apache/flume/sink/hdfs/BucketWriter.java,2012/6/7,2013/1/16
/flume-ng-sinks/flume-ng-hbase-sink/src/test/java/org/apache/flume/sink/hbase/TestAsyncHBaseSink.java,2013/1/10,2013/1/17
/flume-ng-sinks/flume-ng-hbase-sink/src/test/java/org/apache/flume/sink/hbase/TestAsyncHBaseSink.java,2012/6/25,2013/1/17
/flume-ng-sinks/flume-ng-hbase-sink/src/test/java/org/apache/flume/sink/hbase/TestAsyncHBaseSink.java,2012/6/14,2013/1/17
/flume-ng-sinks/flume-ng-hbase-sink/src/main/java/org/apache/flume/sink/hbase/HBaseSinkConfigurationConstants.java,2012/7/30,2013/1/17
/flume-ng-sinks/flume-ng-hbase-sink/src/main/java/org/apache/flume/sink/hbase/AsyncHBaseSink.java,2012/6/14,2013/1/17
/flume-ng-sinks/flume-ng-hbase-sink/src/main/java/org/apache/flume/sink/hbase/AsyncHBaseSink.java,2013/1/10,2013/1/17
/flume-ng-sinks/flume-ng-hbase-sink/src/main/java/org/apache/flume/sink/hbase/AsyncHBaseSink.java,2012/7/30,2013/1/17
/flume-ng-core/src/main/java/org/apache/flume/formatter/output/BucketPath.java,2011/10/4,2014/10/28
/flume-ng-sinks/flume-ng-elasticsearch-sink/src/test/java/org/apache/flume/sink/elasticsearch/AbstractElasticSearchSinkTest.java,2015/4/10,2015/4/21
/flume-ng-sinks/flume-ng-elasticsearch-sink/src/main/java/org/apache/flume/sink/elasticsearch/ContentBuilderUtil.java,2015/4/10,2015/4/21
/flume-ng-node/src/main/java/org/apache/flume/conf/properties/PropertiesFileConfigurationProvider.java,2011/10/20,2011/10/24
/flume-ng-node/src/main/java/org/apache/flume/conf/properties/PropertiesFileConfigurationProvider.java,2011/9/30,2011/10/24
/flume-ng-sinks/flume-hdfs-sink/src/test/java/org/apache/flume/sink/hdfs/TestHDFSEventSink.java,2011/10/12,2011/10/18
/flume-ng-sinks/flume-hdfs-sink/src/test/java/org/apache/flume/sink/hdfs/TestHDFSEventSink.java,2011/10/4,2011/10/18
/flume-ng-sinks/flume-hdfs-sink/src/test/java/org/apache/flume/sink/hdfs/TestHDFSEventSink.java,2011/10/12,2011/10/18
/flume-ng-core/src/test/java/org/apache/flume/source/TestSequenceGeneratorSource.java,2011/9/5,2011/10/18
/flume-ng-core/src/test/java/org/apache/flume/sink/TestRollingFileSink.java,2011/9/5,2011/10/18
/flume-ng-core/src/test/java/org/apache/flume/sink/TestLoggerSink.java,2011/9/5,2011/10/18
/flume-ng-core/src/test/java/org/apache/flume/channel/TestMemoryChannelTransaction.java,2011/10/12,2011/10/18
/flume-ng-core/src/main/java/org/apache/flume/channel/MultiOpMemChannel.java,2011/10/12,2011/10/18
/flume-ng-core/src/main/java/org/apache/flume/channel/MultiOpMemChannel.java,2011/10/12,2011/10/18
/flume-ng-core/src/main/java/org/apache/flume/channel/MemoryChannel.java,2011/9/7,2011/10/18
/flume-ng-core/src/main/java/org/apache/flume/channel/MemoryChannel.java,2011/10/11,2011/10/18
/flume-ng-core/src/main/java/org/apache/flume/channel/MemoryChannel.java,2011/9/21,2011/10/18
/flume-ng-core/src/main/java/org/apache/flume/channel/MemoryChannel.java,2011/9/5,2011/10/18
/flume-ng-configuration/src/main/java/org/apache/flume/conf/source/SourceConfiguration.java,2012/4/23,2012/6/12
/flume-ng-sinks/flume-ng-kafka-sink/src/test/java/org/apache/flume/sink/kafka/util/KafkaConsumer.java,2014/9/15,2014/10/29
/flume-ng-core/src/test/java/org/apache/flume/source/http/TestHTTPSource.java,2014/10/27,2014/11/6
/flume-ng-core/src/test/java/org/apache/flume/client/avro/TestReliableSpoolingFileEventReader.java,2014/10/15,2014/11/9
/flume-ng-channels/flume-file-channel/src/main/java/org/apache/flume/channel/file/Log.java,2012/5/7,2012/8/24
/flume-ng-channels/flume-file-channel/src/main/java/org/apache/flume/channel/file/Log.java,2012/6/21,2012/8/24
/flume-ng-channels/flume-file-channel/src/main/java/org/apache/flume/channel/file/Log.java,2012/5/5,2012/8/24
/flume-ng-core/src/main/java/org/apache/flume/source/SyslogUtils.java,2013/12/10,2015/10/3
/flume-ng-core/src/main/java/org/apache/flume/source/SyslogUtils.java,2014/8/14,2015/10/3
/flume-ng-core/src/main/java/org/apache/flume/source/SyslogUtils.java,2012/3/6,2015/10/3
/flume-ng-core/src/main/java/org/apache/flume/source/SyslogUtils.java,2012/9/12,2015/10/3
/flume-ng-core/src/main/java/org/apache/flume/source/SyslogUtils.java,2012/4/7,2015/10/3
/flume-ng-core/src/main/java/org/apache/flume/source/SyslogUtils.java,2012/4/27,2015/10/3
/flume-ng-sdk/src/main/java/org/apache/flume/api/NettyAvroRpcClient.java,2012/6/28,2013/5/2
/flume-ng-sdk/src/main/java/org/apache/flume/api/NettyAvroRpcClient.java,2013/3/7,2013/5/2
/flume-ng-sdk/src/main/java/org/apache/flume/api/NettyAvroRpcClient.java,2012/3/13,2013/5/2
/src/java/com/cloudera/flume/reporter/sampler/ProbabilitySampler.java,2011/8/2,2011/8/3
/src/java/com/cloudera/flume/master/MasterClientServerThrift.java,2011/8/2,2011/8/3
/src/java/com/cloudera/flume/master/MasterClientServerAvro.java,2011/8/2,2011/8/3
/src/java/com/cloudera/flume/master/CommandStatus.java,2011/8/2,2011/8/3
/src/java/com/cloudera/flume/handlers/thrift/ThriftEventSource.java,2011/8/2,2011/8/3
/src/java/com/cloudera/flume/handlers/thrift/ThriftEventSource.java,2011/8/2,2011/8/3
/src/java/com/cloudera/flume/handlers/thrift/ThriftEventAdaptor.java,2011/8/2,2011/8/3
/src/java/com/cloudera/flume/handlers/thrift/PrioritizedThriftEventSource.java,2011/8/2,2011/8/3
/src/java/com/cloudera/flume/handlers/hive/HiveDirCreatedNotification.java,2011/8/2,2011/8/3
/src/java/com/cloudera/flume/handlers/debug/IntervalFlakeyEventSink.java,2011/8/2,2011/8/3
/src/java/com/cloudera/flume/handlers/debug/FlakeyEventSink.java,2011/8/2,2011/8/3
/src/java/com/cloudera/flume/handlers/batch/BatchingDecorator.java,2011/8/2,2011/8/3
/src/java/com/cloudera/flume/handlers/avro/AvroEventSource.java,2011/8/2,2011/8/3
/src/java/com/cloudera/flume/handlers/avro/AvroEventAdaptor.java,2011/8/2,2011/8/3
/src/java/com/cloudera/flume/core/EventSource.java,2011/8/2,2011/8/3
/src/java/com/cloudera/flume/core/EventSink.java,2011/8/2,2011/8/3
/src/java/com/cloudera/flume/agent/MultiMasterRPC.java,2011/8/2,2011/8/3
/src/java/com/cloudera/flume/agent/LogicalNode.java,2011/8/2,2011/8/3
/src/java/com/cloudera/flume/agent/FlumeNode.java,2011/8/2,2011/8/3
/src/java/com/cloudera/flume/agent/FlumeNode.java,2011/8/2,2011/8/3
/src/java/com/cloudera/flume/agent/AgentFailChainSink.java,2011/8/2,2011/8/3
/flume-ng-sdk/src/main/java/org/apache/flume/api/NettyAvroRpcClient.java,2013/6/12,2013/6/19
/flume-ng-core/src/test/java/org/apache/flume/source/TestAvroSource.java,2013/6/12,2013/6/19
/flume-ng-core/src/main/java/org/apache/flume/source/AvroSource.java,2013/6/12,2013/6/19
/flume-ng-channels/flume-file-channel/src/test/java/org/apache/flume/channel/file/TestLog.java,2012/12/18,2013/6/19
/flume-ng-core/src/main/java/org/apache/flume/source/SequenceGeneratorSource.java,2012/2/1,2013/6/22
/flume-ng-core/src/main/java/org/apache/flume/source/SequenceGeneratorSource.java,2011/9/23,2013/6/22
/flume-ng-core/src/main/java/org/apache/flume/sink/RollingFileSink.java,2012/4/16,2013/6/22
/flume-ng-channels/flume-recoverable-memory-channel/src/main/java/org/apache/flume/channel/recoverable/memory/wal/WAL.java,2012/4/1,2012/5/24
/flume-ng-channels/flume-recoverable-memory-channel/src/main/java/org/apache/flume/channel/recoverable/memory/RecoverableMemoryChannel.java,2012/5/2,2012/5/24
/flume-ng-channels/flume-recoverable-memory-channel/src/main/java/org/apache/flume/channel/recoverable/memory/RecoverableMemoryChannel.java,2012/4/1,2012/5/24
/flume-ng-sinks/flume-hdfs-sink/src/main/java/org/apache/flume/sink/hdfs/BucketWriter.java,2012/3/23,2012/5/30
/flume-ng-sinks/flume-hdfs-sink/src/main/java/org/apache/flume/sink/hdfs/BucketWriter.java,2012/4/6,2012/5/30
/flume-ng-core/src/main/java/org/apache/flume/sink/AbstractRpcSink.java,2013/3/14,2013/5/9
/flume-ng-sinks/flume-ng-hbase-sink/src/test/java/org/apache/flume/sink/hbase/TestAsyncHBaseSink.java,2012/6/14,2012/6/25
/flume-ng-core/src/main/java/org/apache/flume/lifecycle/LifecycleSupervisor.java,2011/9/5,2012/12/11
/flume-ng-core/src/main/java/org/apache/flume/lifecycle/LifecycleSupervisor.java,2011/8/13,2012/12/11
/flume-ng-core/src/main/java/org/apache/flume/source/AvroSource.java,2012/6/28,2012/7/18
/flume-ng-core/src/main/java/org/apache/flume/source/AvroSource.java,2012/2/1,2012/7/18
/flume-ng-core/src/main/java/org/apache/flume/channel/ChannelProcessor.java,2012/2/1,2012/7/18
/flume-ng-sinks/flume-hdfs-sink/src/main/java/org/apache/flume/sink/hdfs/HDFSEventSink.java,2012/5/19,2012/7/19
/flume-ng-core/src/main/java/org/apache/flume/source/AvroSource.java,2012/2/29,2012/12/8
/flume-ng-sinks/flume-hdfs-sink/src/main/java/org/apache/flume/sink/hdfs/BucketWriter.java,2012/6/7,2012/12/3
/flume-ng-sinks/flume-hdfs-sink/src/test/java/org/apache/flume/sink/hdfs/TestHDFSEventSink.java,2012/4/16,2012/5/22
/flume-ng-sinks/flume-hdfs-sink/src/test/java/org/apache/flume/sink/hdfs/TestHDFSEventSink.java,2011/10/20,2012/5/22
/flume-ng-sinks/flume-hdfs-sink/src/test/java/org/apache/flume/sink/hdfs/TestHDFSEventSink.java,2012/4/6,2012/5/22
/flume-ng-sinks/flume-hdfs-sink/src/test/java/org/apache/flume/sink/hdfs/TestHDFSEventSink.java,2012/3/23,2012/5/22
/flume-ng-sinks/flume-hdfs-sink/src/test/java/org/apache/flume/sink/hdfs/TestHDFSEventSink.java,2012/2/14,2012/5/22
/flume-ng-sinks/flume-hdfs-sink/src/test/java/org/apache/flume/sink/hdfs/TestBucketWriter.java,2012/4/16,2012/5/22
/flume-ng-sinks/flume-hdfs-sink/src/test/java/org/apache/flume/sink/hdfs/TestBucketWriter.java,2012/4/4,2012/5/22
/flume-ng-sinks/flume-hdfs-sink/src/main/java/org/apache/flume/sink/hdfs/HDFSEventSink.java,2012/4/6,2012/5/22
/flume-ng-sinks/flume-hdfs-sink/src/main/java/org/apache/flume/sink/hdfs/HDFSEventSink.java,2012/5/2,2012/5/22
/flume-ng-sinks/flume-hdfs-sink/src/main/java/org/apache/flume/sink/hdfs/HDFSEventSink.java,2012/4/16,2012/5/22
/flume-ng-sinks/flume-hdfs-sink/src/main/java/org/apache/flume/sink/hdfs/HDFSEventSink.java,2011/10/4,2012/5/22
/flume-ng-sinks/flume-hdfs-sink/src/main/java/org/apache/flume/sink/hdfs/HDFSEventSink.java,2012/3/23,2012/5/22
/flume-ng-sinks/flume-hdfs-sink/src/main/java/org/apache/flume/sink/hdfs/HDFSEventSink.java,2011/12/7,2012/5/22
/flume-ng-sinks/flume-hdfs-sink/src/main/java/org/apache/flume/sink/hdfs/HDFSEventSink.java,2012/5/19,2012/5/22
/flume-ng-sinks/flume-hdfs-sink/src/main/java/org/apache/flume/sink/hdfs/BucketWriter.java,2011/10/12,2012/5/22
/flume-ng-sinks/flume-hdfs-sink/src/main/java/org/apache/flume/sink/hdfs/BucketWriter.java,2012/3/23,2012/5/22
/flume-ng-sinks/flume-hdfs-sink/src/main/java/org/apache/flume/sink/hdfs/BucketWriter.java,2012/4/16,2012/5/22
/flume-ng-sinks/flume-hdfs-sink/src/main/java/org/apache/flume/sink/hdfs/BucketWriter.java,2011/11/13,2012/5/22
/flume-ng-sinks/flume-hdfs-sink/src/main/java/org/apache/flume/sink/hdfs/BucketWriter.java,2011/10/4,2012/5/22
/flume-ng-sinks/flume-hdfs-sink/src/main/java/org/apache/flume/sink/hdfs/HDFSEventSink.java,2012/5/21,2012/9/26
/flume-ng-sinks/flume-hdfs-sink/src/main/java/org/apache/flume/sink/hdfs/HDFSEventSink.java,2012/6/7,2012/9/26
/flume-ng-sinks/flume-hdfs-sink/src/main/java/org/apache/flume/sink/hdfs/BucketWriter.java,2012/4/6,2012/9/26
/flume-ng-sinks/flume-hdfs-sink/src/main/java/org/apache/flume/sink/hdfs/BucketWriter.java,2012/6/7,2012/9/26
/flume-ng-channels/flume-file-channel/src/test/java/org/apache/flume/channel/file/TestUtils.java,2012/9/7,2013/4/15
/flume-ng-channels/flume-file-channel/src/test/java/org/apache/flume/channel/file/TestFileChannelRestart.java,2012/12/10,2013/4/15
/flume-ng-channels/flume-file-channel/src/test/java/org/apache/flume/channel/file/TestFileChannelRestart.java,2013/4/5,2013/4/15
/src/javatest/com/cloudera/flume/master/TestMemoryBackedConfigStore.java,2011/8/2,2011/8/3
/src/java/com/cloudera/flume/master/ZooKeeperConfigStore.java,2011/8/2,2011/8/3
/src/java/com/cloudera/flume/master/TranslatingConfigurationManager.java,2011/8/2,2011/8/3
/src/java/com/cloudera/flume/master/ConfigManager.java,2011/8/2,2011/8/3
/src/javatest/com/cloudera/flume/handlers/debug/TestLazyOpen.java,2011/8/2,2011/8/3
/src/javatest/com/cloudera/flume/handlers/debug/TestLazyOpen.java,2011/8/2,2011/8/3
/src/java/com/cloudera/flume/handlers/debug/LazyOpenDecorator.java,2011/8/2,2011/8/3
/src/javatest/com/cloudera/flume/handlers/scribe/TestScribeSource.java,2011/8/2,2011/8/3
/src/java/org/apache/thrift/transport/TSaneServerSocket.java,2011/8/2,2011/8/3
/src/java/com/cloudera/flume/util/ThriftServer.java,2011/8/2,2011/8/3
/src/java/com/cloudera/flume/handlers/scribe/ScribeEventSource.java,2011/8/2,2011/8/3
/flume-ng-core/src/main/java/org/apache/flume/source/SourceType.java,2012/1/13,2012/4/6
/flume-ng-core/src/main/java/org/apache/flume/sink/RollingFileSink.java,2011/9/5,2012/4/9
/flume-ng-core/src/main/java/org/apache/flume/sink/RollingFileSink.java,2011/8/19,2012/4/9
/flume-ng-core/src/main/java/org/apache/flume/SinkRunner.java,2012/2/21,2012/4/10
/flume-ng-sinks/flume-hdfs-sink/src/main/java/org/apache/flume/sink/hdfs/BucketWriter.java,2012/3/23,2012/4/5
/flume-ng-sinks/flume-hdfs-sink/src/main/java/org/apache/flume/sink/hdfs/BucketWriter.java,2011/10/4,2012/4/5
/flume-ng-node/src/main/java/org/apache/flume/node/nodemanager/DefaultLogicalNodeManager.java,2011/8/13,2012/3/24
/flume-ng-node/src/main/java/org/apache/flume/conf/properties/PropertiesFileConfigurationProvider.java,2012/2/1,2012/3/24
/flume-ng-node/src/main/java/org/apache/flume/conf/properties/PropertiesFileConfigurationProvider.java,2011/10/20,2012/3/24
/flume-ng-node/src/main/java/org/apache/flume/conf/properties/PropertiesFileConfigurationProvider.java,2012/2/21,2012/3/24
/flume-ng-core/src/main/java/org/apache/flume/source/NetcatSource.java,2011/9/5,2012/3/24
/flume-ng-core/src/main/java/org/apache/flume/lifecycle/LifecycleSupervisor.java,2011/8/12,2012/3/24
/flume-ng-node/src/main/java/org/apache/flume/node/nodemanager/DefaultLogicalNodeManager.java,2012/3/23,2012/3/24
/flume-tools/src/main/java/org/apache/flume/tools/FileChannelIntegrityTool.java,2013/6/12,2015/2/12
/flume-ng-sources/flume-kafka-source/src/test/java/org/apache/flume/source/kafka/KafkaSourceUtilTest.java,2014/9/23,2014/10/4
/flume-ng-sources/flume-kafka-source/src/test/java/org/apache/flume/source/kafka/KafkaSourceUtilTest.java,2014/9/16,2014/10/4
/flume-ng-sources/flume-kafka-source/src/test/java/org/apache/flume/source/kafka/KafkaSourceTest.java,2014/9/23,2014/10/4
/flume-ng-sources/flume-kafka-source/src/test/java/org/apache/flume/source/kafka/KafkaSourceTest.java,2014/10/3,2014/10/4
/flume-ng-sources/flume-kafka-source/src/test/java/org/apache/flume/source/kafka/KafkaSourceTest.java,2014/9/16,2014/10/4
/flume-ng-sources/flume-kafka-source/src/main/java/org/apache/flume/source/kafka/KafkaSourceConstants.java,2014/9/16,2014/10/4
/flume-ng-sources/flume-kafka-source/src/main/java/org/apache/flume/source/kafka/KafkaSourceConstants.java,2014/9/23,2014/10/4
/flume-ng-sources/flume-kafka-source/src/test/java/org/apache/flume/source/kafka/TestKafkaSource.java,2014/10/3,2014/10/8
/flume-ng-sources/flume-kafka-source/src/main/java/org/apache/flume/source/kafka/KafkaSource.java,2014/10/3,2014/10/8
/flume-ng-sources/flume-kafka-source/src/main/java/org/apache/flume/source/kafka/KafkaSource.java,2014/9/16,2014/10/8
/flume-ng-channels/flume-file-channel/src/main/java/org/apache/flume/channel/file/Log.java,2012/6/21,2014/10/10
/flume-ng-channels/flume-file-channel/src/main/java/org/apache/flume/channel/file/Log.java,2014/5/2,2014/10/10
/src/javatest/com/cloudera/flume/master/TestLogicalNodeMapping.java,2011/8/2,2011/8/3
/src/java/com/cloudera/flume/master/ZooKeeperConfigStore.java,2011/8/2,2011/8/3
/flume-ng-core/src/main/java/org/apache/flume/channel/MemoryChannel.java,2011/10/17,2011/12/29
/flume-ng-core/src/main/java/org/apache/flume/channel/MemoryChannel.java,2011/10/20,2011/12/29
/flume-ng-sources/flume-jms-source/src/test/java/org/apache/flume/source/jms/TestJMSSource.java,2012/12/14,2012/12/19
/flume-ng-sources/flume-jms-source/src/main/java/org/apache/flume/source/jms/JMSSourceConfiguration.java,2012/12/14,2012/12/19
/flume-ng-sources/flume-jms-source/src/main/java/org/apache/flume/source/jms/JMSSource.java,2012/12/14,2012/12/19
/flume-ng-configuration/src/test/java/com/apache/flume/conf/TestFlumeConfiguration.java,2012/12/10,2012/12/19
/flume-ng-sinks/flume-ng-hbase-sink/src/main/java/org/apache/flume/sink/hbase/AsyncHBaseSink.java,2012/6/25,2012/7/28
/flume-ng-sinks/flume-ng-hbase-sink/src/main/java/org/apache/flume/sink/hbase/AsyncHBaseSink.java,2012/6/14,2012/7/28
/flume-ng-sinks/flume-hdfs-sink/src/main/java/org/apache/flume/sink/hdfs/HDFSSequenceFile.java,2011/10/4,2012/3/30
/flume-ng-sinks/flume-hdfs-sink/src/main/java/org/apache/flume/sink/hdfs/HDFSDataStream.java,2011/10/4,2012/3/30
/flume-ng-sinks/flume-hdfs-sink/src/test/java/org/apache/flume/sink/hdfs/TestHDFSEventSink.java,2011/12/7,2013/12/23
/flume-ng-sinks/flume-hdfs-sink/src/test/java/org/apache/flume/sink/hdfs/TestHDFSEventSink.java,2012/3/23,2013/12/23
/flume-ng-sinks/flume-hdfs-sink/src/test/java/org/apache/flume/sink/hdfs/TestHDFSEventSink.java,2011/10/12,2013/12/23
/flume-ng-sinks/flume-hdfs-sink/src/test/java/org/apache/flume/sink/hdfs/TestHDFSEventSink.java,2012/11/21,2013/12/23
/flume-ng-sinks/flume-hdfs-sink/src/test/java/org/apache/flume/sink/hdfs/TestBucketWriter.java,2013/2/28,2013/12/23
/flume-ng-sinks/flume-hdfs-sink/src/test/java/org/apache/flume/sink/hdfs/TestBucketWriter.java,2012/11/19,2013/12/23
/flume-ng-sinks/flume-hdfs-sink/src/test/java/org/apache/flume/sink/hdfs/TestBucketWriter.java,2012/12/18,2013/12/23
/flume-ng-sinks/flume-hdfs-sink/src/test/java/org/apache/flume/sink/hdfs/TestBucketWriter.java,2012/12/18,2013/12/23
/flume-ng-sinks/flume-hdfs-sink/src/test/java/org/apache/flume/sink/hdfs/HDFSBadWriterFactory.java,2011/10/12,2013/12/23
/flume-ng-sinks/flume-hdfs-sink/src/test/java/org/apache/flume/sink/hdfs/HDFSBadSeqWriter.java,2012/3/23,2013/12/23
/flume-ng-sinks/flume-hdfs-sink/src/test/java/org/apache/flume/sink/hdfs/HDFSBadSeqWriter.java,2011/10/12,2013/12/23
/flume-ng-sinks/flume-hdfs-sink/src/main/java/org/apache/flume/sink/hdfs/HDFSEventSink.java,2013/2/28,2013/12/23
/flume-ng-sinks/flume-hdfs-sink/src/main/java/org/apache/flume/sink/hdfs/HDFSEventSink.java,2012/12/18,2013/12/23
/flume-ng-sinks/flume-hdfs-sink/src/main/java/org/apache/flume/sink/hdfs/HDFSEventSink.java,2012/11/19,2013/12/23
/flume-ng-sinks/flume-hdfs-sink/src/main/java/org/apache/flume/sink/hdfs/HDFSEventSink.java,2012/5/21,2013/12/23
/flume-ng-sinks/flume-hdfs-sink/src/main/java/org/apache/flume/sink/hdfs/HDFSEventSink.java,2012/3/23,2013/12/23
/flume-ng-sinks/flume-hdfs-sink/src/main/java/org/apache/flume/sink/hdfs/HDFSEventSink.java,2012/12/18,2013/12/23
/flume-ng-sinks/flume-hdfs-sink/src/main/java/org/apache/flume/sink/hdfs/BucketWriter.java,2012/5/21,2013/12/23
/flume-ng-sinks/flume-hdfs-sink/src/main/java/org/apache/flume/sink/hdfs/BucketWriter.java,2013/2/15,2013/12/23
/flume-ng-sinks/flume-hdfs-sink/src/main/java/org/apache/flume/sink/hdfs/BucketWriter.java,2012/7/30,2013/12/23
/flume-ng-sinks/flume-hdfs-sink/src/main/java/org/apache/flume/sink/hdfs/BucketWriter.java,2013/2/28,2013/12/23
/flume-ng-sinks/flume-hdfs-sink/src/main/java/org/apache/flume/sink/hdfs/BucketWriter.java,2012/11/19,2013/12/23
/flume-ng-sinks/flume-hdfs-sink/src/main/java/org/apache/flume/sink/hdfs/BucketWriter.java,2012/12/18,2013/12/23
/flume-ng-sinks/flume-ng-hbase-sink/src/test/java/org/apache/flume/sink/hbase/TestHBaseSink.java,2012/5/15,2014/1/16
/flume-ng-sinks/flume-ng-hbase-sink/src/main/java/org/apache/flume/sink/hbase/HBaseSink.java,2013/2/14,2014/1/16
/flume-ng-sinks/flume-ng-hbase-sink/src/main/java/org/apache/flume/sink/hbase/HBaseSink.java,2012/12/7,2014/1/16
/flume-ng-sinks/flume-ng-hbase-sink/src/main/java/org/apache/flume/sink/hbase/HBaseSink.java,2013/6/7,2014/1/16
/flume-ng-sinks/flume-ng-hbase-sink/src/main/java/org/apache/flume/sink/hbase/HBaseSink.java,2012/5/15,2014/1/16
/flume-ng-sinks/flume-irc-sink/src/main/java/org/apache/flume/sink/irc/IRCSink.java,2012/2/29,2014/1/28
